Variable / Field Name,Form Name,Section Header,Field Type,Field Label,"Choices, Calculations, OR Slider Labels",Field Note,Text Validation Type OR Show Slider Number,Text Validation Min,Text Validation Max,Identifier?,Branching Logic (Show field only if...),Required Field?,Custom Alignment,Question Number (surveys only),Matrix Group Name,Matrix Ranking?,Field Annotation
lily_reproducibility,lily_pathway,Welcome ,radio,"<a href=https://liascript.github.io/course/?https://raw.githubusercontent.com/arcus/education_modules/main/reproducibility/reproducibility.md target=_blank> Reproducibility, Generalizability, and Reuse </a>","0, Not Started | 1, Started | 2, Done!",,,,,,,,RV,,,,"@IF([current-instance]=1,@DEFAULT='0', @SETVALUE='[lily_reproducibility:value][last-instance]')."
lily_learning_to_learn,lily_pathway,,radio,"<a href=https://liascript.github.io/course/?https://raw.githubusercontent.com/arcus/education_modules/main/learning_to_learn/learning_to_learn.md target=_blank> Learning to Learn Data Science </a>","0, Not Started | 1, Started | 2, Done!",,,,,,,,RV,,,,"@IF([current-instance]=1,@DEFAULT='0', @SETVALUE='[lily_learning_to_learn:value][last-instance]')."
lily_how_to_troubleshoot,lily_pathway,,radio,"<a href=https://liascript.github.io/course/?https://raw.githubusercontent.com/arcus/education_modules/main/how_to_troubleshoot/how_to_troubleshoot.md target=_blank> How to Troubleshoot </a>","0, Not Started | 1, Started | 2, Done!",,,,,,,,RV,,,,"@IF([current-instance]=1,@DEFAULT='0', @SETVALUE='[lily_how_to_troubleshoot:value][last-instance]')."
lily_git_intro,lily_pathway,Learn git,radio,"<a href=https://liascript.github.io/course/?https://raw.githubusercontent.com/arcus/education_modules/main/git_intro/git_intro.md target=_blank> Intro to Version Control </a>","0, Not Started | 1, Started | 2, Done!",,,,,,,,RV,,,,"@IF([current-instance]=1,@DEFAULT='0', @SETVALUE='[lily_git_intro:value][last-instance]')."
lily_git_setup_mac_and_linux,lily_pathway,,radio,"<a href=https://liascript.github.io/course/?https://raw.githubusercontent.com/arcus/education_modules/main/git_setup_mac_and_linux/git_setup_mac_and_linux.md target=_blank> Setting Up Git on Mac and Linux </a>","0, Not Started | 1, Started | 2, Done!",,,,,,,,RV,,,,"@IF([current-instance]=1,@DEFAULT='0', @SETVALUE='[lily_git_setup_mac_and_linux:value][last-instance]')."
lily_git_setup_windows,lily_pathway,,radio,"<a href=https://liascript.github.io/course/?https://raw.githubusercontent.com/arcus/education_modules/main/git_setup_windows/git_setup_windows.md target=_blank> Setting Up Git on Windows </a>","0, Not Started | 1, Started | 2, Done!",,,,,,,,RV,,,,"@IF([current-instance]=1,@DEFAULT='0', @SETVALUE='[lily_git_setup_windows:value][last-instance]')."
lily_bash_command_line_101,lily_pathway,,radio,"<a href=https://liascript.github.io/course/?https://raw.githubusercontent.com/arcus/education_modules/main/bash_command_line_101/bash_command_line_101.md target=_blank> Bash / Command Line 101 </a>","0, Not Started | 1, Started | 2, Done!",,,,,,,,RV,,,,"@IF([current-instance]=1,@DEFAULT='0', @SETVALUE='[lily_bash_command_line_101:value][last-instance]')."
lily_git_creation_and_tracking,lily_pathway,,radio,"<a href=https://liascript.github.io/course/?https://raw.githubusercontent.com/arcus/education_modules/main/git_creation_and_tracking/git_creation_and_tracking.md target=_blank> Creating a Git Repository </a>","0, Not Started | 1, Started | 2, Done!",,,,,,,,RV,,,,"@IF([current-instance]=1,@DEFAULT='0', @SETVALUE='[lily_git_creation_and_tracking:value][last-instance]')."
lily_git_history_of_project,lily_pathway,,radio,"<a href=https://liascript.github.io/course/?https://raw.githubusercontent.com/arcus/education_modules/main/git_history_of_project/git_history_of_project.md target=_blank> Exploring the History of your Git Repository </a>","0, Not Started | 1, Started | 2, Done!",,,,,,,,RV,,,,"@IF([current-instance]=1,@DEFAULT='0', @SETVALUE='[lily_git_history_of_project:value][last-instance]')."
lily_r_basics_introduction,lily_pathway,Learn R ,radio,"<a href=https://liascript.github.io/course/?https://raw.githubusercontent.com/arcus/education_modules/main/r_basics_introduction/r_basics_introduction.md target=_blank> R Basics: Introduction </a>","0, Not Started | 1, Started | 2, Done!",,,,,,,,RV,,,,"@IF([current-instance]=1,@DEFAULT='0', @SETVALUE='[lily_r_basics_introduction:value][last-instance]')."
lily_r_basics_visualize_data,lily_pathway,,radio,"<a href=https://liascript.github.io/course/?https://raw.githubusercontent.com/arcus/education_modules/main/r_basics_visualize_data/r_basics_visualize_data.md target=_blank> R Basics: Visualizing Data With ggplot2 </a>","0, Not Started | 1, Started | 2, Done!",,,,,,,,RV,,,,"@IF([current-instance]=1,@DEFAULT='0', @SETVALUE='[lily_r_basics_visualize_data:value][last-instance]')."
lily_r_basics_transform_data,lily_pathway,,radio,"<a href=https://liascript.github.io/course/?https://raw.githubusercontent.com/arcus/education_modules/main/r_basics_transform_data/r_basics_transform_data.md target=_blank> R Basics: Transforming Data With dplyr </a>","0, Not Started | 1, Started | 2, Done!",,,,,,,,RV,,,,"@IF([current-instance]=1,@DEFAULT='0', @SETVALUE='[lily_r_basics_transform_data:value][last-instance]')."
lily_r_summary_stats,lily_pathway,Statistics and Machine Learning,radio,"<a href=https://liascript.github.io/course/?https://raw.githubusercontent.com/arcus/education_modules/main/r_summary_stats/r_summary_stats.md target=_blank> Summary Statistics in R </a>","0, Not Started | 1, Started | 2, Done!",,,,,,,,RV,,,,"@IF([current-instance]=1,@DEFAULT='0', @SETVALUE='[lily_r_summary_stats:value][last-instance]')."
lily_intro_to_nhst,lily_pathway,,radio,"<a href=https://liascript.github.io/course/?https://raw.githubusercontent.com/arcus/education_modules/main/intro_to_nhst/intro_to_nhst.md target=_blank> Introduction to Null Hypothesis Significance Testing </a>","0, Not Started | 1, Started | 2, Done!",,,,,,,,RV,,,,"@IF([current-instance]=1,@DEFAULT='0', @SETVALUE='[lily_intro_to_nhst:value][last-instance]')."
lily_statistical_tests,lily_pathway,,radio,"<a href=https://liascript.github.io/course/?https://raw.githubusercontent.com/arcus/education_modules/main/statistical_tests/statistical_tests.md target=_blank> Statistical Tests in Open Source Software </a>","0, Not Started | 1, Started | 2, Done!",,,,,,,,RV,,,,"@IF([current-instance]=1,@DEFAULT='0', @SETVALUE='[lily_statistical_tests:value][last-instance]')."
lily_demystifying_machine_learning,lily_pathway,,radio,"<a href=https://liascript.github.io/course/?https://raw.githubusercontent.com/arcus/education_modules/main/demystifying_machine_learning/demystifying_machine_learning.md target=_blank> Demystifying Machine Learning </a>","0, Not Started | 1, Started | 2, Done!",,,,,,,,RV,,,,"@IF([current-instance]=1,@DEFAULT='0', @SETVALUE='[lily_demystifying_machine_learning:value][last-instance]')."
lily_bias_variance_tradeoff,lily_pathway,,radio,"<a href=https://liascript.github.io/course/?https://raw.githubusercontent.com/arcus/education_modules/main/bias_variance_tradeoff/bias_variance_tradeoff.md target=_blank> Understanding the Bias-Variance Tradeoff </a>","0, Not Started | 1, Started | 2, Done!",,,,,,,,RV,,,,"@IF([current-instance]=1,@DEFAULT='0', @SETVALUE='[lily_bias_variance_tradeoff:value][last-instance]')."
lily_data_management_basics,lily_pathway,Managing Data ,radio,"<a href=https://liascript.github.io/course/?https://raw.githubusercontent.com/arcus/education_modules/main/data_management_basics/data_management_basics.md target=_blank> Research Data Management Basics </a>","0, Not Started | 1, Started | 2, Done!",,,,,,,,RV,,,,"@IF([current-instance]=1,@DEFAULT='0', @SETVALUE='[lily_data_management_basics:value][last-instance]')."
lily_data_storage_models,lily_pathway,,radio,"<a href=https://liascript.github.io/course/?https://raw.githubusercontent.com/arcus/education_modules/main/data_storage_models/data_storage_models.md target=_blank> Types of Data Storage Solutions </a>","0, Not Started | 1, Started | 2, Done!",,,,,,,,RV,,,,"@IF([current-instance]=1,@DEFAULT='0', @SETVALUE='[lily_data_storage_models:value][last-instance]')."
lily_tidy_data,lily_pathway,,radio,"<a href=https://liascript.github.io/course/?https://raw.githubusercontent.com/arcus/education_modules/main/tidy_data/tidy_data.md target=_blank> Tidy Data </a>","0, Not Started | 1, Started | 2, Done!",,,,,,,,RV,,,,"@IF([current-instance]=1,@DEFAULT='0', @SETVALUE='[lily_tidy_data:value][last-instance]')."
lily_database_normalization,lily_pathway,,radio,"<a href=https://liascript.github.io/course/?https://raw.githubusercontent.com/arcus/education_modules/main/database_normalization/database_normalization.md target=_blank> Database Normalization </a>","0, Not Started | 1, Started | 2, Done!",,,,,,,,RV,,,,"@IF([current-instance]=1,@DEFAULT='0', @SETVALUE='[lily_database_normalization:value][last-instance]')."
lily_demystifying_sql,lily_pathway,Different Kinds of Data ,radio,"<a href=https://liascript.github.io/course/?https://raw.githubusercontent.com/arcus/education_modules/main/demystifying_sql/demystifying_sql.md target=_blank> Demystifying SQL </a>","0, Not Started | 1, Started | 2, Done!",,,,,,,,RV,,,,"@IF([current-instance]=1,@DEFAULT='0', @SETVALUE='[lily_demystifying_sql:value][last-instance]')."
lily_demystifying_geospatial_data,lily_pathway,,radio,"<a href=https://liascript.github.io/course/?https://raw.githubusercontent.com/arcus/education_modules/main/demystifying_geospatial_data/demystifying_geospatial_data.md target=_blank> Demystifying Geospatial Data </a>","0, Not Started | 1, Started | 2, Done!",,,,,,,,RV,,,,"@IF([current-instance]=1,@DEFAULT='0', @SETVALUE='[lily_demystifying_geospatial_data:value][last-instance]')."
lily_demystifying_regular_expressions,lily_pathway,,radio,"<a href=https://liascript.github.io/course/?https://raw.githubusercontent.com/arcus/education_modules/main/demystifying_regular_expressions/demystifying_regular_expressions.md target=_blank> Demystifying Regular Expressions </a>","0, Not Started | 1, Started | 2, Done!",,,,,,,,RV,,,,"@IF([current-instance]=1,@DEFAULT='0', @SETVALUE='[lily_demystifying_regular_expressions:value][last-instance]')."
lily_citizen_science,lily_pathway,,radio,"<a href=https://liascript.github.io/course/?https://raw.githubusercontent.com/arcus/education_modules/main/citizen_science/citizen_science.md target=_blank> Citizen Science </a>","0, Not Started | 1, Started | 2, Done!",,,,,,,,RV,,,,"@IF([current-instance]=1,@DEFAULT='0', @SETVALUE='[lily_citizen_science:value][last-instance]')."
lily_omics_orientation,lily_pathway,,radio,"<a href=https://liascript.github.io/course/?https://raw.githubusercontent.com/arcus/education_modules/main/omics_orientation/omics_orientation.md target=_blank> Omics Orientation </a>","0, Not Started | 1, Started | 2, Done!",,,,,,,,RV,,,,"@IF([current-instance]=1,@DEFAULT='0', @SETVALUE='[lily_omics_orientation:value][last-instance]')."
lily_complete,lily,,calc,Will show 2 if pathway is complete:,"min([lily_reproducibility][current-instance],[lily_learning_to_learn][current-instance],[lily_how_to_troubleshoot][current-instance],[lily_git_intro][current-instance],[lily_git_setup_mac_and_linux][current-instance],[lily_git_setup_windows][current-instance],[lily_bash_command_line_101][current-instance],[lily_git_creation_and_tracking][current-instance],[lily_git_history_of_project][current-instance],[lily_r_basics_introduction][current-instance],[lily_r_basics_visualize_data][current-instance],[lily_r_basics_transform_data][current-instance],[lily_r_summary_stats][current-instance],[lily_intro_to_nhst][current-instance],[lily_statistical_tests][current-instance],[lily_demystifying_machine_learning][current-instance],[lily_bias_variance_tradeoff][current-instance],[lily_data_management_basics][current-instance],[lily_data_storage_models][current-instance],[lily_tidy_data][current-instance],[lily_database_normalization][current-instance],[lily_demystifying_sql][current-instance],[lily_demystifying_geospatial_data][current-instance],[lily_demystifying_regular_expressions][current-instance],[lily_citizen_science][current-instance],[lily_omics_orientation][current-instance])",,,,,,,,,,,,"@HIDDEN-SURVEY"
