Variable / Field Name,Form Name,Section Header,Field Type,Field Label,"Choices, Calculations, OR Slider Labels",Field Note,Text Validation Type OR Show Slider Number,Text Validation Min,Text Validation Max,Identifier?,Branching Logic (Show field only if...),Required Field?,Custom Alignment,Question Number (surveys only),Matrix Group Name,Matrix Ranking?,Field Annotation
daisy_reproducibility,daisy_pathway,Welcome,radio,"<a href=https://liascript.github.io/course/?https://raw.githubusercontent.com/arcus/education_modules/main/reproducibility/reproducibility.md target=_blank> Reproducibility, Generalizability, and Reuse </a>","0, Not Started | 1, Started | 2, Done!",,,,,,,,RV,,,,"@IF([current-instance]=1,@DEFAULT='0', @SETVALUE='[daisy_reproducibility:value][last-instance]')."
daisy_learning_to_learn,daisy_pathway,,radio,"<a href=https://liascript.github.io/course/?https://raw.githubusercontent.com/arcus/education_modules/main/learning_to_learn/learning_to_learn.md target=_blank> Learning to Learn Data Science </a>","0, Not Started | 1, Started | 2, Done!",,,,,,,,RV,,,,"@IF([current-instance]=1,@DEFAULT='0', @SETVALUE='[daisy_learning_to_learn:value][last-instance]')."
daisy_how_to_troubleshoot,daisy_pathway,,radio,"<a href=https://liascript.github.io/course/?https://raw.githubusercontent.com/arcus/education_modules/main/how_to_troubleshoot/how_to_troubleshoot.md target=_blank> How to Troubleshoot </a>","0, Not Started | 1, Started | 2, Done!",,,,,,,,RV,,,,"@IF([current-instance]=1,@DEFAULT='0', @SETVALUE='[daisy_how_to_troubleshoot:value][last-instance]')."
daisy_directories_and_file_paths,daisy_pathway,,radio,"<a href=https://liascript.github.io/course/?https://raw.githubusercontent.com/arcus/education_modules/main/directories_and_file_paths/directories_and_file_paths.md target=_blank> Directories and File Paths </a>","0, Not Started | 1, Started | 2, Done!",,,,,,,,RV,,,,"@IF([current-instance]=1,@DEFAULT='0', @SETVALUE='[daisy_directories_and_file_paths:value][last-instance]')."
daisy_data_management_basics,daisy_pathway,Managing Data ,radio,"<a href=https://liascript.github.io/course/?https://raw.githubusercontent.com/arcus/education_modules/main/data_management_basics/data_management_basics.md target=_blank> Research Data Management Basics </a>","0, Not Started | 1, Started | 2, Done!",,,,,,,,RV,,,,"@IF([current-instance]=1,@DEFAULT='0', @SETVALUE='[daisy_data_management_basics:value][last-instance]')."
daisy_tidy_data,daisy_pathway,,radio,"<a href=https://liascript.github.io/course/?https://raw.githubusercontent.com/arcus/education_modules/main/tidy_data/tidy_data.md target=_blank> Tidy Data </a>","0, Not Started | 1, Started | 2, Done!",,,,,,,,RV,,,,"@IF([current-instance]=1,@DEFAULT='0', @SETVALUE='[daisy_tidy_data:value][last-instance]')."
daisy_database_normalization,daisy_pathway,,radio,"<a href=https://liascript.github.io/course/?https://raw.githubusercontent.com/arcus/education_modules/main/database_normalization/database_normalization.md target=_blank> Database Normalization </a>","0, Not Started | 1, Started | 2, Done!",,,,,,,,RV,,,,"@IF([current-instance]=1,@DEFAULT='0', @SETVALUE='[daisy_database_normalization:value][last-instance]')."
daisy_demystifying_sql,daisy_pathway,Different Kinds of Data ,radio,"<a href=https://liascript.github.io/course/?https://raw.githubusercontent.com/arcus/education_modules/main/demystifying_sql/demystifying_sql.md target=_blank> Demystifying SQL </a>","0, Not Started | 1, Started | 2, Done!",,,,,,,,RV,,,,"@IF([current-instance]=1,@DEFAULT='0', @SETVALUE='[daisy_demystifying_sql:value][last-instance]')."
daisy_demystifying_geospatial_data,daisy_pathway,,radio,"<a href=https://liascript.github.io/course/?https://raw.githubusercontent.com/arcus/education_modules/main/demystifying_geospatial_data/demystifying_geospatial_data.md target=_blank> Demystifying Geospatial Data </a>","0, Not Started | 1, Started | 2, Done!",,,,,,,,RV,,,,"@IF([current-instance]=1,@DEFAULT='0', @SETVALUE='[daisy_demystifying_geospatial_data:value][last-instance]')."
daisy_citizen_science,daisy_pathway,,radio,"<a href=https://liascript.github.io/course/?https://raw.githubusercontent.com/arcus/education_modules/main/citizen_science/citizen_science.md target=_blank> Citizen Science </a>","0, Not Started | 1, Started | 2, Done!",,,,,,,,RV,,,,"@IF([current-instance]=1,@DEFAULT='0', @SETVALUE='[daisy_citizen_science:value][last-instance]')."
daisy_omics_orientation,daisy_pathway,,radio,"<a href=https://liascript.github.io/course/?https://raw.githubusercontent.com/arcus/education_modules/main/omics_orientation/omics_orientation.md target=_blank> Omics Orientation </a>","0, Not Started | 1, Started | 2, Done!",,,,,,,,RV,,,,"@IF([current-instance]=1,@DEFAULT='0', @SETVALUE='[daisy_omics_orientation:value][last-instance]')."
daisy_r_basics_introduction,daisy_pathway,Getting Started with R,radio,"<a href=https://liascript.github.io/course/?https://raw.githubusercontent.com/arcus/education_modules/main/r_basics_introduction/r_basics_introduction.md target=_blank> R Basics: Introduction </a>","0, Not Started | 1, Started | 2, Done!",,,,,,,,RV,,,,"@IF([current-instance]=1,@DEFAULT='0', @SETVALUE='[daisy_r_basics_introduction:value][last-instance]')."
daisy_r_basics_visualize_data,daisy_pathway,,radio,"<a href=https://liascript.github.io/course/?https://raw.githubusercontent.com/arcus/education_modules/main/r_basics_visualize_data/r_basics_visualize_data.md target=_blank> R Basics: Visualizing Data With ggplot2 </a>","0, Not Started | 1, Started | 2, Done!",,,,,,,,RV,,,,"@IF([current-instance]=1,@DEFAULT='0', @SETVALUE='[daisy_r_basics_visualize_data:value][last-instance]')."
daisy_r_basics_transform_data,daisy_pathway,,radio,"<a href=https://liascript.github.io/course/?https://raw.githubusercontent.com/arcus/education_modules/main/r_basics_transform_data/r_basics_transform_data.md target=_blank> R Basics: Transforming Data With dplyr </a>","0, Not Started | 1, Started | 2, Done!",,,,,,,,RV,,,,"@IF([current-instance]=1,@DEFAULT='0', @SETVALUE='[daisy_r_basics_transform_data:value][last-instance]')."
daisy_intro_to_nhst,daisy_pathway,Statistics and Machine Learning,radio,"<a href=https://liascript.github.io/course/?https://raw.githubusercontent.com/arcus/education_modules/main/intro_to_nhst/intro_to_nhst.md target=_blank> Introduction to Null Hypothesis Significance Testing </a>","0, Not Started | 1, Started | 2, Done!",,,,,,,,RV,,,,"@IF([current-instance]=1,@DEFAULT='0', @SETVALUE='[daisy_intro_to_nhst:value][last-instance]')."
daisy_statistical_tests,daisy_pathway,,radio,"<a href=https://liascript.github.io/course/?https://raw.githubusercontent.com/arcus/education_modules/main/statistical_tests/statistical_tests.md target=_blank> Statistical Tests in Open Source Software </a>","0, Not Started | 1, Started | 2, Done!",,,,,,,,RV,,,,"@IF([current-instance]=1,@DEFAULT='0', @SETVALUE='[daisy_statistical_tests:value][last-instance]')."
daisy_demystifying_machine_learning,daisy_pathway,,radio,"<a href=https://liascript.github.io/course/?https://raw.githubusercontent.com/arcus/education_modules/main/demystifying_machine_learning/demystifying_machine_learning.md target=_blank> Demystifying Machine Learning </a>","0, Not Started | 1, Started | 2, Done!",,,,,,,,RV,,,,"@IF([current-instance]=1,@DEFAULT='0', @SETVALUE='[daisy_demystifying_machine_learning:value][last-instance]')."
daisy_bias_variance_tradeoff,daisy_pathway,,radio,"<a href=https://liascript.github.io/course/?https://raw.githubusercontent.com/arcus/education_modules/main/bias_variance_tradeoff/bias_variance_tradeoff.md target=_blank> Understanding the Bias-Variance Tradeoff </a>","0, Not Started | 1, Started | 2, Done!",,,,,,,,RV,,,,"@IF([current-instance]=1,@DEFAULT='0', @SETVALUE='[daisy_bias_variance_tradeoff:value][last-instance]')."
daisy_demystifying_large_language_models,daisy_pathway,,radio,"<a href=https://liascript.github.io/course/?https://raw.githubusercontent.com/arcus/education_modules/main/demystifying_large_language_models/demystifying_large_language_models.md target=_blank> Demystifying Large Language Models </a>","0, Not Started | 1, Started | 2, Done!",,,,,,,,RV,,,,"@IF([current-instance]=1,@DEFAULT='0', @SETVALUE='[daisy_demystifying_large_language_models:value][last-instance]')."
daisy_complete,daisy,,calc,Will show 2 if pathway is complete:,"min([daisy_reproducibility][current-instance],[daisy_learning_to_learn][current-instance],[daisy_how_to_troubleshoot][current-instance],[daisy_directories_and_file_paths][current-instance],[daisy_data_management_basics][current-instance],[daisy_tidy_data][current-instance],[daisy_database_normalization][current-instance],[daisy_demystifying_sql][current-instance],[daisy_demystifying_geospatial_data][current-instance],[daisy_citizen_science][current-instance],[daisy_omics_orientation][current-instance],[daisy_r_basics_introduction][current-instance],[daisy_r_basics_visualize_data][current-instance],[daisy_r_basics_transform_data][current-instance],[daisy_intro_to_nhst][current-instance],[daisy_statistical_tests][current-instance],[daisy_demystifying_machine_learning][current-instance],[daisy_bias_variance_tradeoff][current-instance],[daisy_demystifying_large_language_models][current-instance])",,,,,,,,,,,,"@HIDDEN-SURVEY"
