Variable / Field Name,Form Name,Section Header,Field Type,Field Label,"Choices, Calculations, OR Slider Labels",Field Note,Text Validation Type OR Show Slider Number,Text Validation Min,Text Validation Max,Identifier?,Branching Logic (Show field only if...),Required Field?,Custom Alignment,Question Number (surveys only),Matrix Group Name,Matrix Ranking?,Field Annotation
aster_reproducibility,aster_pathway,Welcome,radio,"<a href=https://liascript.github.io/course/?https://raw.githubusercontent.com/arcus/education_modules/main/reproducibility/reproducibility.md target=_blank> Reproducibility, Generalizability, and Reuse </a>","0, Not Started | 1, Started | 2, Done!",,,,,,,,RV,,,,"@IF([current-instance]=1,@DEFAULT='0', @SETVALUE='[aster_reproducibility:value][last-instance]')."
aster_python_basics_variables_functions_methods,aster_pathway,Using Python for Data Analysis,radio,"<a href=https://liascript.github.io/course/?https://raw.githubusercontent.com/arcus/education_modules/main/python_basics_variables_functions_methods/python_basics_variables_functions_methods.md target=_blank> Python Basics: Variables, Functions, and Methods </a>","0, Not Started | 1, Started | 2, Done!",,,,,,,,RV,,,,"@IF([current-instance]=1,@DEFAULT='0', @SETVALUE='[aster_python_basics_variables_functions_methods:value][last-instance]')."
aster_python_basics_lists_dictionaries,aster_pathway,,radio,"<a href=https://liascript.github.io/course/?https://raw.githubusercontent.com/arcus/education_modules/main/python_basics_lists_dictionaries/python_basics_lists_dictionaries.md target=_blank> Python Basics: Lists and Dictionaries </a>","0, Not Started | 1, Started | 2, Done!",,,,,,,,RV,,,,"@IF([current-instance]=1,@DEFAULT='0', @SETVALUE='[aster_python_basics_lists_dictionaries:value][last-instance]')."
aster_python_basics_loops_conditionals,aster_pathway,,radio,"<a href=https://liascript.github.io/course/?https://raw.githubusercontent.com/arcus/education_modules/main/python_basics_loops_conditionals/python_basics_loops_conditionals.md target=_blank> Python Basics: Loops and Conditionals </a>","0, Not Started | 1, Started | 2, Done!",,,,,,,,RV,,,,"@IF([current-instance]=1,@DEFAULT='0', @SETVALUE='[aster_python_basics_loops_conditionals:value][last-instance]')."
aster_python_basics_exercise,aster_pathway,,radio,"<a href=https://liascript.github.io/course/?https://raw.githubusercontent.com/arcus/education_modules/main/python_basics_exercise/python_basics_exercise.md target=_blank> Python Basics: Exercise </a>","0, Not Started | 1, Started | 2, Done!",,,,,,,,RV,,,,"@IF([current-instance]=1,@DEFAULT='0', @SETVALUE='[aster_python_basics_exercise:value][last-instance]')."
aster_pandas_transform,aster_pathway,,radio,"<a href=https://liascript.github.io/course/?https://raw.githubusercontent.com/arcus/education_modules/main/pandas_transform/pandas_transform.md target=_blank> Transform Data with pandas </a>","0, Not Started | 1, Started | 2, Done!",,,,,,,,RV,,,,"@IF([current-instance]=1,@DEFAULT='0', @SETVALUE='[aster_pandas_transform:value][last-instance]')."
aster_data_visualization_in_seaborn,aster_pathway,,radio,"<a href=https://liascript.github.io/course/?https://raw.githubusercontent.com/arcus/education_modules/main/data_visualization_in_seaborn/data_visualization_in_seaborn.md target=_blank> Data Visualization in seaborn </a>","0, Not Started | 1, Started | 2, Done!",,,,,,,,RV,,,,"@IF([current-instance]=1,@DEFAULT='0', @SETVALUE='[aster_data_visualization_in_seaborn:value][last-instance]')."
aster_python_practice,aster_pathway,,radio,"<a href=https://liascript.github.io/course/?https://raw.githubusercontent.com/arcus/education_modules/main/python_practice/python_practice.md target=_blank> Python Practice </a>","0, Not Started | 1, Started | 2, Done!",,,,,,,,RV,,,,"@IF([current-instance]=1,@DEFAULT='0', @SETVALUE='[aster_python_practice:value][last-instance]')."
aster_demystifying_containers,aster_pathway,Containers for Reproducible Research,radio,"<a href=https://liascript.github.io/course/?https://raw.githubusercontent.com/arcus/education_modules/main/demystifying_containers/demystifying_containers.md target=_blank> Demystifying Containers </a>","0, Not Started | 1, Started | 2, Done!",,,,,,,,RV,,,,"@IF([current-instance]=1,@DEFAULT='0', @SETVALUE='[aster_demystifying_containers:value][last-instance]')."
aster_docker_101,aster_pathway,,radio,"<a href=https://liascript.github.io/course/?https://raw.githubusercontent.com/arcus/education_modules/main/docker_101/docker_101.md target=_blank> Getting Started with Docker for Research </a>","0, Not Started | 1, Started | 2, Done!",,,,,,,,RV,,,,"@IF([current-instance]=1,@DEFAULT='0', @SETVALUE='[aster_docker_101:value][last-instance]')."
aster_genomics_setup,aster_pathway,Genomics Tools and Methods,radio,"<a href=https://liascript.github.io/course/?https://raw.githubusercontent.com/arcus/education_modules/main/genomics_setup/genomics_setup.md target=_blank> Genomics Tools and Methods: Computing Setup </a>","0, Not Started | 1, Started | 2, Done!",,,,,,,,RV,,,,"@IF([current-instance]=1,@DEFAULT='0', @SETVALUE='[aster_genomics_setup:value][last-instance]')."
aster_genomics_quality_control,aster_pathway,,radio,"<a href=https://liascript.github.io/course/?https://raw.githubusercontent.com/arcus/education_modules/main/genomics_quality_control/genomics_quality_control.md target=_blank> Genomics Tools and Methods: Quality Control </a>","0, Not Started | 1, Started | 2, Done!",,,,,,,,RV,,,,"@IF([current-instance]=1,@DEFAULT='0', @SETVALUE='[aster_genomics_quality_control:value][last-instance]')."
aster_demystifying_machine_learning,aster_pathway,Statistics and Machine Learning,radio,"<a href=https://liascript.github.io/course/?https://raw.githubusercontent.com/arcus/education_modules/main/demystifying_machine_learning/demystifying_machine_learning.md target=_blank> Demystifying Machine Learning </a>","0, Not Started | 1, Started | 2, Done!",,,,,,,,RV,,,,"@IF([current-instance]=1,@DEFAULT='0', @SETVALUE='[aster_demystifying_machine_learning:value][last-instance]')."
aster_bias_variance_tradeoff,aster_pathway,,radio,"<a href=https://liascript.github.io/course/?https://raw.githubusercontent.com/arcus/education_modules/main/bias_variance_tradeoff/bias_variance_tradeoff.md target=_blank> Understanding the Bias-Variance Tradeoff </a>","0, Not Started | 1, Started | 2, Done!",,,,,,,,RV,,,,"@IF([current-instance]=1,@DEFAULT='0', @SETVALUE='[aster_bias_variance_tradeoff:value][last-instance]')."
aster_intro_to_nhst,aster_pathway,,radio,"<a href=https://liascript.github.io/course/?https://raw.githubusercontent.com/arcus/education_modules/main/intro_to_nhst/intro_to_nhst.md target=_blank> Introduction to Null Hypothesis Significance Testing </a>","0, Not Started | 1, Started | 2, Done!",,,,,,,,RV,,,,"@IF([current-instance]=1,@DEFAULT='0', @SETVALUE='[aster_intro_to_nhst:value][last-instance]')."
aster_r_summary_stats,aster_pathway,,radio,"<a href=https://liascript.github.io/course/?https://raw.githubusercontent.com/arcus/education_modules/main/r_summary_stats/r_summary_stats.md target=_blank> Summary Statistics in R </a>","0, Not Started | 1, Started | 2, Done!",,,,,,,,RV,,,,"@IF([current-instance]=1,@DEFAULT='0', @SETVALUE='[aster_r_summary_stats:value][last-instance]')."
aster_statistical_tests,aster_pathway,,radio,"<a href=https://liascript.github.io/course/?https://raw.githubusercontent.com/arcus/education_modules/main/statistical_tests/statistical_tests.md target=_blank> Statistical Tests in Open Source Software </a>","0, Not Started | 1, Started | 2, Done!",,,,,,,,RV,,,,"@IF([current-instance]=1,@DEFAULT='0', @SETVALUE='[aster_statistical_tests:value][last-instance]')."
aster_demystifying_large_language_models,aster_pathway,More to Explore,radio,"<a href=https://liascript.github.io/course/?https://raw.githubusercontent.com/arcus/education_modules/main/demystifying_large_language_models/demystifying_large_language_models.md target=_blank> Demystifying Large Language Models </a>","0, Not Started | 1, Started | 2, Done!",,,,,,,,RV,,,,"@IF([current-instance]=1,@DEFAULT='0', @SETVALUE='[aster_demystifying_large_language_models:value][last-instance]')."
aster_data_management_basics,aster_pathway,,radio,"<a href=https://liascript.github.io/course/?https://raw.githubusercontent.com/arcus/education_modules/main/data_management_basics/data_management_basics.md target=_blank> Research Data Management Basics </a>","0, Not Started | 1, Started | 2, Done!",,,,,,,,RV,,,,"@IF([current-instance]=1,@DEFAULT='0', @SETVALUE='[aster_data_management_basics:value][last-instance]')."
aster_demystifying_geospatial_data,aster_pathway,,radio,"<a href=https://liascript.github.io/course/?https://raw.githubusercontent.com/arcus/education_modules/main/demystifying_geospatial_data/demystifying_geospatial_data.md target=_blank> Demystifying Geospatial Data </a>","0, Not Started | 1, Started | 2, Done!",,,,,,,,RV,,,,"@IF([current-instance]=1,@DEFAULT='0', @SETVALUE='[aster_demystifying_geospatial_data:value][last-instance]')."
aster_citizen_science,aster_pathway,,radio,"<a href=https://liascript.github.io/course/?https://raw.githubusercontent.com/arcus/education_modules/main/citizen_science/citizen_science.md target=_blank> Citizen Science </a>","0, Not Started | 1, Started | 2, Done!",,,,,,,,RV,,,,"@IF([current-instance]=1,@DEFAULT='0', @SETVALUE='[aster_citizen_science:value][last-instance]')."
aster_demystifying_sql,aster_pathway,,radio,"<a href=https://liascript.github.io/course/?https://raw.githubusercontent.com/arcus/education_modules/main/demystifying_sql/demystifying_sql.md target=_blank> Demystifying SQL </a>","0, Not Started | 1, Started | 2, Done!",,,,,,,,RV,,,,"@IF([current-instance]=1,@DEFAULT='0', @SETVALUE='[aster_demystifying_sql:value][last-instance]')."
aster_regular_expressions_basics,aster_pathway,,radio,"<a href=https://liascript.github.io/course/?https://raw.githubusercontent.com/arcus/education_modules/main/regular_expressions_basics/regular_expressions_basics.md target=_blank> Regular Expressions Basics </a>","0, Not Started | 1, Started | 2, Done!",,,,,,,,RV,,,,"@IF([current-instance]=1,@DEFAULT='0', @SETVALUE='[aster_regular_expressions_basics:value][last-instance]')."
aster_complete,aster,,calc,Will show 2 if pathway is complete:,"min([aster_reproducibility][current-instance],[aster_python_basics_variables_functions_methods][current-instance],[aster_python_basics_lists_dictionaries][current-instance],[aster_python_basics_loops_conditionals][current-instance],[aster_python_basics_exercise][current-instance],[aster_pandas_transform][current-instance],[aster_data_visualization_in_seaborn][current-instance],[aster_python_practice][current-instance],[aster_demystifying_containers][current-instance],[aster_docker_101][current-instance],[aster_genomics_setup][current-instance],[aster_genomics_quality_control][current-instance],[aster_demystifying_machine_learning][current-instance],[aster_bias_variance_tradeoff][current-instance],[aster_intro_to_nhst][current-instance],[aster_r_summary_stats][current-instance],[aster_statistical_tests][current-instance],[aster_demystifying_large_language_models][current-instance],[aster_data_management_basics][current-instance],[aster_demystifying_geospatial_data][current-instance],[aster_citizen_science][current-instance],[aster_demystifying_sql][current-instance],[aster_regular_expressions_basics][current-instance])",,,,,,,,,,,,"@HIDDEN-SURVEY"
