Variable / Field Name,Form Name,Section Header,Field Type,Field Label,"Choices, Calculations, OR Slider Labels",Field Note,Text Validation Type OR Show Slider Number,Text Validation Min,Text Validation Max,Identifier?,Branching Logic (Show field only if...),Required Field?,Custom Alignment,Question Number (surveys only),Matrix Group Name,Matrix Ranking?,Field Annotation
lavender_reproducibility,lavender_pathway,Welcome,radio,"<a href=https://liascript.github.io/course/?https://raw.githubusercontent.com/arcus/education_modules/main/reproducibility/reproducibility.md target=_blank> Reproducibility, Generalizability, and Reuse </a>","0, Not Started | 1, Started | 2, Done!",,,,,,,,RV,,,,"@IF([current-instance]=1,@DEFAULT='0', @SETVALUE='[lavender_reproducibility:value][last-instance]')."
lavender_demystifying_python,lavender_pathway,Using Python for Data Analysis ,radio,"<a href=https://liascript.github.io/course/?https://raw.githubusercontent.com/arcus/education_modules/main/demystifying_python/demystifying_python.md target=_blank> Demystifying Python </a>","0, Not Started | 1, Started | 2, Done!",,,,,,,,RV,,,,"@IF([current-instance]=1,@DEFAULT='0', @SETVALUE='[lavender_demystifying_python:value][last-instance]')."
lavender_python_basics_variables_functions_methods,lavender_pathway,,radio,"<a href=https://liascript.github.io/course/?https://raw.githubusercontent.com/arcus/education_modules/main/python_basics_variables_functions_methods/python_basics_variables_functions_methods.md target=_blank> Python Basics: Variables, Functions, and Methods </a>","0, Not Started | 1, Started | 2, Done!",,,,,,,,RV,,,,"@IF([current-instance]=1,@DEFAULT='0', @SETVALUE='[lavender_python_basics_variables_functions_methods:value][last-instance]')."
lavender_python_basics_lists_dictionaries,lavender_pathway,,radio,"<a href=https://liascript.github.io/course/?https://raw.githubusercontent.com/arcus/education_modules/main/python_basics_lists_dictionaries/python_basics_lists_dictionaries.md target=_blank> Python Basics: Lists and Dictionaries </a>","0, Not Started | 1, Started | 2, Done!",,,,,,,,RV,,,,"@IF([current-instance]=1,@DEFAULT='0', @SETVALUE='[lavender_python_basics_lists_dictionaries:value][last-instance]')."
lavender_python_basics_loops_conditionals,lavender_pathway,,radio,"<a href=https://liascript.github.io/course/?https://raw.githubusercontent.com/arcus/education_modules/main/python_basics_loops_conditionals/python_basics_loops_conditionals.md target=_blank> Python Basics: Loops and Conditionals </a>","0, Not Started | 1, Started | 2, Done!",,,,,,,,RV,,,,"@IF([current-instance]=1,@DEFAULT='0', @SETVALUE='[lavender_python_basics_loops_conditionals:value][last-instance]')."
lavender_python_basics_exercise,lavender_pathway,,radio,"<a href=https://liascript.github.io/course/?https://raw.githubusercontent.com/arcus/education_modules/main/python_basics_exercise/python_basics_exercise.md target=_blank> Python Basics: Exercise </a>","0, Not Started | 1, Started | 2, Done!",,,,,,,,RV,,,,"@IF([current-instance]=1,@DEFAULT='0', @SETVALUE='[lavender_python_basics_exercise:value][last-instance]')."
lavender_pandas_transform,lavender_pathway,,radio,"<a href=https://liascript.github.io/course/?https://raw.githubusercontent.com/arcus/education_modules/main/pandas_transform/pandas_transform.md target=_blank> Transform Data with pandas </a>","0, Not Started | 1, Started | 2, Done!",,,,,,,,RV,,,,"@IF([current-instance]=1,@DEFAULT='0', @SETVALUE='[lavender_pandas_transform:value][last-instance]')."
lavender_data_visualization_in_seaborn,lavender_pathway,,radio,"<a href=https://liascript.github.io/course/?https://raw.githubusercontent.com/arcus/education_modules/main/data_visualization_in_seaborn/data_visualization_in_seaborn.md target=_blank> Data Visualization in seaborn </a>","0, Not Started | 1, Started | 2, Done!",,,,,,,,RV,,,,"@IF([current-instance]=1,@DEFAULT='0', @SETVALUE='[lavender_data_visualization_in_seaborn:value][last-instance]')."
lavender_python_practice,lavender_pathway,,radio,"<a href=https://liascript.github.io/course/?https://raw.githubusercontent.com/arcus/education_modules/main/python_practice/python_practice.md target=_blank> Python Practice </a>","0, Not Started | 1, Started | 2, Done!",,,,,,,,RV,,,,"@IF([current-instance]=1,@DEFAULT='0', @SETVALUE='[lavender_python_practice:value][last-instance]')."
lavender_bash_command_line_101,lavender_pathway,Genomics and the Command Line ,radio,"<a href=https://liascript.github.io/course/?https://raw.githubusercontent.com/arcus/education_modules/main/bash_command_line_101/bash_command_line_101.md target=_blank> Bash / Command Line 101 </a>","0, Not Started | 1, Started | 2, Done!",,,,,,,,RV,,,,"@IF([current-instance]=1,@DEFAULT='0', @SETVALUE='[lavender_bash_command_line_101:value][last-instance]')."
lavender_bash_command_line_102,lavender_pathway,,radio,"<a href=https://liascript.github.io/course/?https://raw.githubusercontent.com/arcus/education_modules/main/bash_command_line_102/bash_command_line_102.md target=_blank> Bash: Searching and Organizing Files </a>","0, Not Started | 1, Started | 2, Done!",,,,,,,,RV,,,,"@IF([current-instance]=1,@DEFAULT='0', @SETVALUE='[lavender_bash_command_line_102:value][last-instance]')."
lavender_bash_103_combining_commands,lavender_pathway,,radio,"<a href=https://liascript.github.io/course/?https://raw.githubusercontent.com/arcus/education_modules/main/bash_103_combining_commands/bash_103_combining_commands.md target=_blank> Bash: Combining Commands </a>","0, Not Started | 1, Started | 2, Done!",,,,,,,,RV,,,,"@IF([current-instance]=1,@DEFAULT='0', @SETVALUE='[lavender_bash_103_combining_commands:value][last-instance]')."
lavender_bash_conditionals_loops,lavender_pathway,,radio,"<a href=https://liascript.github.io/course/?https://raw.githubusercontent.com/arcus/education_modules/main/bash_conditionals_loops/bash_conditionals_loops.md target=_blank> Bash: Conditionals and Loops </a>","0, Not Started | 1, Started | 2, Done!",,,,,,,,RV,,,,"@IF([current-instance]=1,@DEFAULT='0', @SETVALUE='[lavender_bash_conditionals_loops:value][last-instance]')."
lavender_bash_scripts,lavender_pathway,,radio,"<a href=https://liascript.github.io/course/?https://raw.githubusercontent.com/arcus/education_modules/main/bash_scripts/bash_scripts.md target=_blank> Bash: Reusable Scripts </a>","0, Not Started | 1, Started | 2, Done!",,,,,,,,RV,,,,"@IF([current-instance]=1,@DEFAULT='0', @SETVALUE='[lavender_bash_scripts:value][last-instance]')."
lavender_genomics_setup,lavender_pathway,,radio,"<a href=https://liascript.github.io/course/?https://raw.githubusercontent.com/arcus/education_modules/main/genomics_setup/genomics_setup.md target=_blank> Genomics Tools and Methods: Computing Setup </a>","0, Not Started | 1, Started | 2, Done!",,,,,,,,RV,,,,"@IF([current-instance]=1,@DEFAULT='0', @SETVALUE='[lavender_genomics_setup:value][last-instance]')."
lavender_genomics_quality_control,lavender_pathway,,radio,"<a href=https://liascript.github.io/course/?https://raw.githubusercontent.com/arcus/education_modules/main/genomics_quality_control/genomics_quality_control.md target=_blank> Genomics Tools and Methods: Quality Control </a>","0, Not Started | 1, Started | 2, Done!",,,,,,,,RV,,,,"@IF([current-instance]=1,@DEFAULT='0', @SETVALUE='[lavender_genomics_quality_control:value][last-instance]')."
lavender_demystifying_machine_learning,lavender_pathway,Statistics and Machine Learning,radio,"<a href=https://liascript.github.io/course/?https://raw.githubusercontent.com/arcus/education_modules/main/demystifying_machine_learning/demystifying_machine_learning.md target=_blank> Demystifying Machine Learning </a>","0, Not Started | 1, Started | 2, Done!",,,,,,,,RV,,,,"@IF([current-instance]=1,@DEFAULT='0', @SETVALUE='[lavender_demystifying_machine_learning:value][last-instance]')."
lavender_bias_variance_tradeoff,lavender_pathway,,radio,"<a href=https://liascript.github.io/course/?https://raw.githubusercontent.com/arcus/education_modules/main/bias_variance_tradeoff/bias_variance_tradeoff.md target=_blank> Understanding the Bias-Variance Tradeoff </a>","0, Not Started | 1, Started | 2, Done!",,,,,,,,RV,,,,"@IF([current-instance]=1,@DEFAULT='0', @SETVALUE='[lavender_bias_variance_tradeoff:value][last-instance]')."
lavender_intro_to_nhst,lavender_pathway,,radio,"<a href=https://liascript.github.io/course/?https://raw.githubusercontent.com/arcus/education_modules/main/intro_to_nhst/intro_to_nhst.md target=_blank> Introduction to Null Hypothesis Significance Testing </a>","0, Not Started | 1, Started | 2, Done!",,,,,,,,RV,,,,"@IF([current-instance]=1,@DEFAULT='0', @SETVALUE='[lavender_intro_to_nhst:value][last-instance]')."
lavender_statistical_tests,lavender_pathway,,radio,"<a href=https://liascript.github.io/course/?https://raw.githubusercontent.com/arcus/education_modules/main/statistical_tests/statistical_tests.md target=_blank> Statistical Tests in Open Source Software </a>","0, Not Started | 1, Started | 2, Done!",,,,,,,,RV,,,,"@IF([current-instance]=1,@DEFAULT='0', @SETVALUE='[lavender_statistical_tests:value][last-instance]')."
lavender_r_basics_introduction,lavender_pathway,Learn R ,radio,"<a href=https://liascript.github.io/course/?https://raw.githubusercontent.com/arcus/education_modules/main/r_basics_introduction/r_basics_introduction.md target=_blank> R Basics: Introduction </a>","0, Not Started | 1, Started | 2, Done!",,,,,,,,RV,,,,"@IF([current-instance]=1,@DEFAULT='0', @SETVALUE='[lavender_r_basics_introduction:value][last-instance]')."
lavender_r_basics_visualize_data,lavender_pathway,,radio,"<a href=https://liascript.github.io/course/?https://raw.githubusercontent.com/arcus/education_modules/main/r_basics_visualize_data/r_basics_visualize_data.md target=_blank> R Basics: Visualizing Data With ggplot2 </a>","0, Not Started | 1, Started | 2, Done!",,,,,,,,RV,,,,"@IF([current-instance]=1,@DEFAULT='0', @SETVALUE='[lavender_r_basics_visualize_data:value][last-instance]')."
lavender_r_basics_transform_data,lavender_pathway,,radio,"<a href=https://liascript.github.io/course/?https://raw.githubusercontent.com/arcus/education_modules/main/r_basics_transform_data/r_basics_transform_data.md target=_blank> R Basics: Transforming Data With dplyr </a>","0, Not Started | 1, Started | 2, Done!",,,,,,,,RV,,,,"@IF([current-instance]=1,@DEFAULT='0', @SETVALUE='[lavender_r_basics_transform_data:value][last-instance]')."
lavender_r_missing_values,lavender_pathway,,radio,"<a href=https://liascript.github.io/course/?https://raw.githubusercontent.com/arcus/education_modules/main/r_missing_values/r_missing_values.md target=_blank> Missing Values in R </a>","0, Not Started | 1, Started | 2, Done!",,,,,,,,RV,,,,"@IF([current-instance]=1,@DEFAULT='0', @SETVALUE='[lavender_r_missing_values:value][last-instance]')."
lavender_tidy_data,lavender_pathway,,radio,"<a href=https://liascript.github.io/course/?https://raw.githubusercontent.com/arcus/education_modules/main/tidy_data/tidy_data.md target=_blank> Tidy Data </a>","0, Not Started | 1, Started | 2, Done!",,,,,,,,RV,,,,"@IF([current-instance]=1,@DEFAULT='0', @SETVALUE='[lavender_tidy_data:value][last-instance]')."
lavender_r_reshape_long_wide,lavender_pathway,,radio,"<a href=https://liascript.github.io/course/?https://raw.githubusercontent.com/arcus/education_modules/main/r_reshape_long_wide/r_reshape_long_wide.md target=_blank> Reshaping Data in R: Long and Wide Data </a>","0, Not Started | 1, Started | 2, Done!",,,,,,,,RV,,,,"@IF([current-instance]=1,@DEFAULT='0', @SETVALUE='[lavender_r_reshape_long_wide:value][last-instance]')."
lavender_data_visualization_in_ggplot2,lavender_pathway,,radio,"<a href=https://liascript.github.io/course/?https://raw.githubusercontent.com/arcus/education_modules/main/data_visualization_in_ggplot2/data_visualization_in_ggplot2.md target=_blank> Data Visualization in ggplot2 </a>","0, Not Started | 1, Started | 2, Done!",,,,,,,,RV,,,,"@IF([current-instance]=1,@DEFAULT='0', @SETVALUE='[lavender_data_visualization_in_ggplot2:value][last-instance]')."
lavender_r_practice,lavender_pathway,,radio,"<a href=https://liascript.github.io/course/?https://raw.githubusercontent.com/arcus/education_modules/main/r_practice/r_practice.md target=_blank> R Practice </a>","0, Not Started | 1, Started | 2, Done!",,,,,,,,RV,,,,"@IF([current-instance]=1,@DEFAULT='0', @SETVALUE='[lavender_r_practice:value][last-instance]')."
lavender_git_intro,lavender_pathway,Learn git,radio,"<a href=https://liascript.github.io/course/?https://raw.githubusercontent.com/arcus/education_modules/main/git_intro/git_intro.md target=_blank> Intro to Version Control </a>","0, Not Started | 1, Started | 2, Done!",,,,,,,,RV,,,,"@IF([current-instance]=1,@DEFAULT='0', @SETVALUE='[lavender_git_intro:value][last-instance]')."
lavender_git_setup_mac_and_linux,lavender_pathway,,radio,"<a href=https://liascript.github.io/course/?https://raw.githubusercontent.com/arcus/education_modules/main/git_setup_mac_and_linux/git_setup_mac_and_linux.md target=_blank> Setting Up Git on Mac and Linux </a>","0, Not Started | 1, Started | 2, Done!",,,,,,,,RV,,,,"@IF([current-instance]=1,@DEFAULT='0', @SETVALUE='[lavender_git_setup_mac_and_linux:value][last-instance]')."
lavender_git_setup_windows,lavender_pathway,,radio,"<a href=https://liascript.github.io/course/?https://raw.githubusercontent.com/arcus/education_modules/main/git_setup_windows/git_setup_windows.md target=_blank> Setting Up Git on Windows </a>","0, Not Started | 1, Started | 2, Done!",,,,,,,,RV,,,,"@IF([current-instance]=1,@DEFAULT='0', @SETVALUE='[lavender_git_setup_windows:value][last-instance]')."
lavender_git_creation_and_tracking,lavender_pathway,,radio,"<a href=https://liascript.github.io/course/?https://raw.githubusercontent.com/arcus/education_modules/main/git_creation_and_tracking/git_creation_and_tracking.md target=_blank> Creating a Git Repository </a>","0, Not Started | 1, Started | 2, Done!",,,,,,,,RV,,,,"@IF([current-instance]=1,@DEFAULT='0', @SETVALUE='[lavender_git_creation_and_tracking:value][last-instance]')."
lavender_git_history_of_project,lavender_pathway,,radio,"<a href=https://liascript.github.io/course/?https://raw.githubusercontent.com/arcus/education_modules/main/git_history_of_project/git_history_of_project.md target=_blank> Exploring the History of your Git Repository </a>","0, Not Started | 1, Started | 2, Done!",,,,,,,,RV,,,,"@IF([current-instance]=1,@DEFAULT='0', @SETVALUE='[lavender_git_history_of_project:value][last-instance]')."
lavender_complete,lavender,,calc,Will show 2 if pathway is complete:,"min([lavender_reproducibility][current-instance],[lavender_demystifying_python][current-instance],[lavender_python_basics_variables_functions_methods][current-instance],[lavender_python_basics_lists_dictionaries][current-instance],[lavender_python_basics_loops_conditionals][current-instance],[lavender_python_basics_exercise][current-instance],[lavender_pandas_transform][current-instance],[lavender_data_visualization_in_seaborn][current-instance],[lavender_python_practice][current-instance],[lavender_bash_command_line_101][current-instance],[lavender_bash_command_line_102][current-instance],[lavender_bash_103_combining_commands][current-instance],[lavender_bash_conditionals_loops][current-instance],[lavender_bash_scripts][current-instance],[lavender_genomics_setup][current-instance],[lavender_genomics_quality_control][current-instance],[lavender_demystifying_machine_learning][current-instance],[lavender_bias_variance_tradeoff][current-instance],[lavender_intro_to_nhst][current-instance],[lavender_statistical_tests][current-instance],[lavender_r_basics_introduction][current-instance],[lavender_r_basics_visualize_data][current-instance],[lavender_r_basics_transform_data][current-instance],[lavender_r_missing_values][current-instance],[lavender_tidy_data][current-instance],[lavender_r_reshape_long_wide][current-instance],[lavender_data_visualization_in_ggplot2][current-instance],[lavender_r_practice][current-instance],[lavender_git_intro][current-instance],[lavender_git_setup_mac_and_linux][current-instance],[lavender_git_setup_windows][current-instance],[lavender_git_creation_and_tracking][current-instance],[lavender_git_history_of_project][current-instance])",,,,,,,,,,,,"@HIDDEN-SURVEY"
