Variable / Field Name,Form Name,Section Header,Field Type,Field Label,"Choices, Calculations, OR Slider Labels",Field Note,Text Validation Type OR Show Slider Number,Text Validation Min,Text Validation Max,Identifier?,Branching Logic (Show field only if...),Required Field?,Custom Alignment,Question Number (surveys only),Matrix Group Name,Matrix Ranking?,Field Annotation
jasmine_reproducibility,jasmine_pathway,Welcome,radio,"<a href=https://liascript.github.io/course/?https://raw.githubusercontent.com/arcus/education_modules/main/reproducibility/reproducibility.md target=_blank> Reproducibility, Generalizability, and Reuse </a>","0, Not Started | 1, Started | 2, Done!",,,,,,,,RV,,,,"@IF([current-instance]=1,@DEFAULT='0', @SETVALUE='[jasmine_reproducibility:value][last-instance]')."
jasmine_demystifying_machine_learning,jasmine_pathway,Statistics and Machine Learning,radio,"<a href=https://liascript.github.io/course/?https://raw.githubusercontent.com/arcus/education_modules/main/demystifying_machine_learning/demystifying_machine_learning.md target=_blank> Demystifying Machine Learning </a>","0, Not Started | 1, Started | 2, Done!",,,,,,,,RV,,,,"@IF([current-instance]=1,@DEFAULT='0', @SETVALUE='[jasmine_demystifying_machine_learning:value][last-instance]')."
jasmine_bias_variance_tradeoff,jasmine_pathway,,radio,"<a href=https://liascript.github.io/course/?https://raw.githubusercontent.com/arcus/education_modules/main/bias_variance_tradeoff/bias_variance_tradeoff.md target=_blank> Understanding the Bias-Variance Tradeoff </a>","0, Not Started | 1, Started | 2, Done!",,,,,,,,RV,,,,"@IF([current-instance]=1,@DEFAULT='0', @SETVALUE='[jasmine_bias_variance_tradeoff:value][last-instance]')."
jasmine_intro_to_nhst,jasmine_pathway,,radio,"<a href=https://liascript.github.io/course/?https://raw.githubusercontent.com/arcus/education_modules/main/intro_to_nhst/intro_to_nhst.md target=_blank> Introduction to Null Hypothesis Significance Testing </a>","0, Not Started | 1, Started | 2, Done!",,,,,,,,RV,,,,"@IF([current-instance]=1,@DEFAULT='0', @SETVALUE='[jasmine_intro_to_nhst:value][last-instance]')."
jasmine_statistical_tests,jasmine_pathway,,radio,"<a href=https://liascript.github.io/course/?https://raw.githubusercontent.com/arcus/education_modules/main/statistical_tests/statistical_tests.md target=_blank> Statistical Tests in Open Source Software </a>","0, Not Started | 1, Started | 2, Done!",,,,,,,,RV,,,,"@IF([current-instance]=1,@DEFAULT='0', @SETVALUE='[jasmine_statistical_tests:value][last-instance]')."
jasmine_pandas_transform,jasmine_pathway,Data Analysis in Python ,radio,"<a href=https://liascript.github.io/course/?https://raw.githubusercontent.com/arcus/education_modules/main/pandas_transform/pandas_transform.md target=_blank> Transform Data with pandas </a>","0, Not Started | 1, Started | 2, Done!",,,,,,,,RV,,,,"@IF([current-instance]=1,@DEFAULT='0', @SETVALUE='[jasmine_pandas_transform:value][last-instance]')."
jasmine_data_visualization_in_seaborn,jasmine_pathway,,radio,"<a href=https://liascript.github.io/course/?https://raw.githubusercontent.com/arcus/education_modules/main/data_visualization_in_seaborn/data_visualization_in_seaborn.md target=_blank> Data Visualization in seaborn </a>","0, Not Started | 1, Started | 2, Done!",,,,,,,,RV,,,,"@IF([current-instance]=1,@DEFAULT='0', @SETVALUE='[jasmine_data_visualization_in_seaborn:value][last-instance]')."
jasmine_python_practice,jasmine_pathway,,radio,"<a href=https://liascript.github.io/course/?https://raw.githubusercontent.com/arcus/education_modules/main/python_practice/python_practice.md target=_blank> Python Practice </a>","0, Not Started | 1, Started | 2, Done!",,,,,,,,RV,,,,"@IF([current-instance]=1,@DEFAULT='0', @SETVALUE='[jasmine_python_practice:value][last-instance]')."
jasmine_demystifying_containers,jasmine_pathway,Containers for Reproducible Research ,radio,"<a href=https://liascript.github.io/course/?https://raw.githubusercontent.com/arcus/education_modules/main/demystifying_containers/demystifying_containers.md target=_blank> Demystifying Containers </a>","0, Not Started | 1, Started | 2, Done!",,,,,,,,RV,,,,"@IF([current-instance]=1,@DEFAULT='0', @SETVALUE='[jasmine_demystifying_containers:value][last-instance]')."
jasmine_docker_101,jasmine_pathway,,radio,"<a href=https://liascript.github.io/course/?https://raw.githubusercontent.com/arcus/education_modules/main/docker_101/docker_101.md target=_blank> Getting Started with Docker for Research </a>","0, Not Started | 1, Started | 2, Done!",,,,,,,,RV,,,,"@IF([current-instance]=1,@DEFAULT='0', @SETVALUE='[jasmine_docker_101:value][last-instance]')."
jasmine_omics_orientation,jasmine_pathway,Genomics and the Command Line ,radio,"<a href=https://liascript.github.io/course/?https://raw.githubusercontent.com/arcus/education_modules/main/omics_orientation/omics_orientation.md target=_blank> Omics Orientation </a>","0, Not Started | 1, Started | 2, Done!",,,,,,,,RV,,,,"@IF([current-instance]=1,@DEFAULT='0', @SETVALUE='[jasmine_omics_orientation:value][last-instance]')."
jasmine_bash_command_line_101,jasmine_pathway,,radio,"<a href=https://liascript.github.io/course/?https://raw.githubusercontent.com/arcus/education_modules/main/bash_command_line_101/bash_command_line_101.md target=_blank> Bash / Command Line 101 </a>","0, Not Started | 1, Started | 2, Done!",,,,,,,,RV,,,,"@IF([current-instance]=1,@DEFAULT='0', @SETVALUE='[jasmine_bash_command_line_101:value][last-instance]')."
jasmine_bash_command_line_102,jasmine_pathway,,radio,"<a href=https://liascript.github.io/course/?https://raw.githubusercontent.com/arcus/education_modules/main/bash_command_line_102/bash_command_line_102.md target=_blank> Bash: Searching and Organizing Files </a>","0, Not Started | 1, Started | 2, Done!",,,,,,,,RV,,,,"@IF([current-instance]=1,@DEFAULT='0', @SETVALUE='[jasmine_bash_command_line_102:value][last-instance]')."
jasmine_bash_103_combining_commands,jasmine_pathway,,radio,"<a href=https://liascript.github.io/course/?https://raw.githubusercontent.com/arcus/education_modules/main/bash_103_combining_commands/bash_103_combining_commands.md target=_blank> Bash: Combining Commands </a>","0, Not Started | 1, Started | 2, Done!",,,,,,,,RV,,,,"@IF([current-instance]=1,@DEFAULT='0', @SETVALUE='[jasmine_bash_103_combining_commands:value][last-instance]')."
jasmine_bash_conditionals_loops,jasmine_pathway,,radio,"<a href=https://liascript.github.io/course/?https://raw.githubusercontent.com/arcus/education_modules/main/bash_conditionals_loops/bash_conditionals_loops.md target=_blank> Bash: Conditionals and Loops </a>","0, Not Started | 1, Started | 2, Done!",,,,,,,,RV,,,,"@IF([current-instance]=1,@DEFAULT='0', @SETVALUE='[jasmine_bash_conditionals_loops:value][last-instance]')."
jasmine_bash_scripts,jasmine_pathway,,radio,"<a href=https://liascript.github.io/course/?https://raw.githubusercontent.com/arcus/education_modules/main/bash_scripts/bash_scripts.md target=_blank> Bash: Reusable Scripts </a>","0, Not Started | 1, Started | 2, Done!",,,,,,,,RV,,,,"@IF([current-instance]=1,@DEFAULT='0', @SETVALUE='[jasmine_bash_scripts:value][last-instance]')."
jasmine_genomics_setup,jasmine_pathway,,radio,"<a href=https://liascript.github.io/course/?https://raw.githubusercontent.com/arcus/education_modules/main/genomics_setup/genomics_setup.md target=_blank> Genomics Tools and Methods: Computing Setup </a>","0, Not Started | 1, Started | 2, Done!",,,,,,,,RV,,,,"@IF([current-instance]=1,@DEFAULT='0', @SETVALUE='[jasmine_genomics_setup:value][last-instance]')."
jasmine_genomics_quality_control,jasmine_pathway,,radio,"<a href=https://liascript.github.io/course/?https://raw.githubusercontent.com/arcus/education_modules/main/genomics_quality_control/genomics_quality_control.md target=_blank> Genomics Tools and Methods: Quality Control </a>","0, Not Started | 1, Started | 2, Done!",,,,,,,,RV,,,,"@IF([current-instance]=1,@DEFAULT='0', @SETVALUE='[jasmine_genomics_quality_control:value][last-instance]')."
jasmine_demystifying_regular_expressions,jasmine_pathway,Text Patterns ,radio,"<a href=https://liascript.github.io/course/?https://raw.githubusercontent.com/arcus/education_modules/main/demystifying_regular_expressions/demystifying_regular_expressions.md target=_blank> Demystifying Regular Expressions </a>","0, Not Started | 1, Started | 2, Done!",,,,,,,,RV,,,,"@IF([current-instance]=1,@DEFAULT='0', @SETVALUE='[jasmine_demystifying_regular_expressions:value][last-instance]')."
jasmine_regular_expressions_basics,jasmine_pathway,,radio,"<a href=https://liascript.github.io/course/?https://raw.githubusercontent.com/arcus/education_modules/main/regular_expressions_basics/regular_expressions_basics.md target=_blank> Regular Expressions Basics </a>","0, Not Started | 1, Started | 2, Done!",,,,,,,,RV,,,,"@IF([current-instance]=1,@DEFAULT='0', @SETVALUE='[jasmine_regular_expressions_basics:value][last-instance]')."
jasmine_regular_expressions_groups,jasmine_pathway,,radio,"<a href=https://liascript.github.io/course/?https://raw.githubusercontent.com/arcus/education_modules/main/regular_expressions_groups/regular_expressions_groups.md target=_blank> Regular Expressions: Groups </a>","0, Not Started | 1, Started | 2, Done!",,,,,,,,RV,,,,"@IF([current-instance]=1,@DEFAULT='0', @SETVALUE='[jasmine_regular_expressions_groups:value][last-instance]')."
jasmine_regular_expressions_boundaries_anchors,jasmine_pathway,,radio,"<a href=https://liascript.github.io/course/?https://raw.githubusercontent.com/arcus/education_modules/main/regular_expressions_boundaries_anchors/regular_expressions_boundaries_anchors.md target=_blank> Regular Expressions: Flags, Anchors, and Boundaries </a>","0, Not Started | 1, Started | 2, Done!",,,,,,,,RV,,,,"@IF([current-instance]=1,@DEFAULT='0', @SETVALUE='[jasmine_regular_expressions_boundaries_anchors:value][last-instance]')."
jasmine_regular_expressions_lookaheads,jasmine_pathway,,radio,"<a href=https://liascript.github.io/course/?https://raw.githubusercontent.com/arcus/education_modules/main/regular_expressions_lookaheads/regular_expressions_lookaheads.md target=_blank> Regular Expressions: Lookaheads </a>","0, Not Started | 1, Started | 2, Done!",,,,,,,,RV,,,,"@IF([current-instance]=1,@DEFAULT='0', @SETVALUE='[jasmine_regular_expressions_lookaheads:value][last-instance]')."
jasmine_complete,jasmine,,calc,Will show 2 if pathway is complete:,"min([jasmine_reproducibility][current-instance],[jasmine_demystifying_machine_learning][current-instance],[jasmine_bias_variance_tradeoff][current-instance],[jasmine_intro_to_nhst][current-instance],[jasmine_statistical_tests][current-instance],[jasmine_pandas_transform][current-instance],[jasmine_data_visualization_in_seaborn][current-instance],[jasmine_python_practice][current-instance],[jasmine_demystifying_containers][current-instance],[jasmine_docker_101][current-instance],[jasmine_omics_orientation][current-instance],[jasmine_bash_command_line_101][current-instance],[jasmine_bash_command_line_102][current-instance],[jasmine_bash_103_combining_commands][current-instance],[jasmine_bash_conditionals_loops][current-instance],[jasmine_bash_scripts][current-instance],[jasmine_genomics_setup][current-instance],[jasmine_genomics_quality_control][current-instance],[jasmine_demystifying_regular_expressions][current-instance],[jasmine_regular_expressions_basics][current-instance],[jasmine_regular_expressions_groups][current-instance],[jasmine_regular_expressions_boundaries_anchors][current-instance],[jasmine_regular_expressions_lookaheads][current-instance])",,,,,,,,,,,,"@HIDDEN-SURVEY"
