Variable / Field Name,Form Name,Section Header,Field Type,Field Label,"Choices, Calculations, OR Slider Labels",Field Note,Text Validation Type OR Show Slider Number,Text Validation Min,Text Validation Max,Identifier?,Branching Logic (Show field only if...),Required Field?,Custom Alignment,Question Number (surveys only),Matrix Group Name,Matrix Ranking?,Field Annotation
dahlia_reproducibility,dahlia_pathway,Welcome,radio,"<a href=https://liascript.github.io/course/?https://raw.githubusercontent.com/arcus/education_modules/main/reproducibility/reproducibility.md target=_blank> Reproducibility, Generalizability, and Reuse </a>","0, Not Started | 1, Started | 2, Done!",,,,,,,,RV,,,,"@IF([current-instance]=1,@DEFAULT='0', @SETVALUE='[dahlia_reproducibility:value][last-instance]')."
dahlia_r_basics_introduction,dahlia_pathway,Using R for Data Analysis ,radio,"<a href=https://liascript.github.io/course/?https://raw.githubusercontent.com/arcus/education_modules/main/r_basics_introduction/r_basics_introduction.md target=_blank> R Basics: Introduction </a>","0, Not Started | 1, Started | 2, Done!",,,,,,,,RV,,,,"@IF([current-instance]=1,@DEFAULT='0', @SETVALUE='[dahlia_r_basics_introduction:value][last-instance]')."
dahlia_r_basics_visualize_data,dahlia_pathway,,radio,"<a href=https://liascript.github.io/course/?https://raw.githubusercontent.com/arcus/education_modules/main/r_basics_visualize_data/r_basics_visualize_data.md target=_blank> R Basics: Visualizing Data With ggplot2 </a>","0, Not Started | 1, Started | 2, Done!",,,,,,,,RV,,,,"@IF([current-instance]=1,@DEFAULT='0', @SETVALUE='[dahlia_r_basics_visualize_data:value][last-instance]')."
dahlia_r_basics_transform_data,dahlia_pathway,,radio,"<a href=https://liascript.github.io/course/?https://raw.githubusercontent.com/arcus/education_modules/main/r_basics_transform_data/r_basics_transform_data.md target=_blank> R Basics: Transforming Data With dplyr </a>","0, Not Started | 1, Started | 2, Done!",,,,,,,,RV,,,,"@IF([current-instance]=1,@DEFAULT='0', @SETVALUE='[dahlia_r_basics_transform_data:value][last-instance]')."
dahlia_r_missing_values,dahlia_pathway,,radio,"<a href=https://liascript.github.io/course/?https://raw.githubusercontent.com/arcus/education_modules/main/r_missing_values/r_missing_values.md target=_blank> Missing Values in R </a>","0, Not Started | 1, Started | 2, Done!",,,,,,,,RV,,,,"@IF([current-instance]=1,@DEFAULT='0', @SETVALUE='[dahlia_r_missing_values:value][last-instance]')."
dahlia_tidy_data,dahlia_pathway,,radio,"<a href=https://liascript.github.io/course/?https://raw.githubusercontent.com/arcus/education_modules/main/tidy_data/tidy_data.md target=_blank> Tidy Data </a>","0, Not Started | 1, Started | 2, Done!",,,,,,,,RV,,,,"@IF([current-instance]=1,@DEFAULT='0', @SETVALUE='[dahlia_tidy_data:value][last-instance]')."
dahlia_r_reshape_long_wide,dahlia_pathway,,radio,"<a href=https://liascript.github.io/course/?https://raw.githubusercontent.com/arcus/education_modules/main/r_reshape_long_wide/r_reshape_long_wide.md target=_blank> Reshaping Data in R: Long and Wide Data </a>","0, Not Started | 1, Started | 2, Done!",,,,,,,,RV,,,,"@IF([current-instance]=1,@DEFAULT='0', @SETVALUE='[dahlia_r_reshape_long_wide:value][last-instance]')."
dahlia_r_summary_stats,dahlia_pathway,,radio,"<a href=https://liascript.github.io/course/?https://raw.githubusercontent.com/arcus/education_modules/main/r_summary_stats/r_summary_stats.md target=_blank> Summary Statistics in R </a>","0, Not Started | 1, Started | 2, Done!",,,,,,,,RV,,,,"@IF([current-instance]=1,@DEFAULT='0', @SETVALUE='[dahlia_r_summary_stats:value][last-instance]')."
dahlia_data_visualization_in_ggplot2,dahlia_pathway,,radio,"<a href=https://liascript.github.io/course/?https://raw.githubusercontent.com/arcus/education_modules/main/data_visualization_in_ggplot2/data_visualization_in_ggplot2.md target=_blank> Data Visualization in ggplot2 </a>","0, Not Started | 1, Started | 2, Done!",,,,,,,,RV,,,,"@IF([current-instance]=1,@DEFAULT='0', @SETVALUE='[dahlia_data_visualization_in_ggplot2:value][last-instance]')."
dahlia_r_practice,dahlia_pathway,,radio,"<a href=https://liascript.github.io/course/?https://raw.githubusercontent.com/arcus/education_modules/main/r_practice/r_practice.md target=_blank> R Practice </a>","0, Not Started | 1, Started | 2, Done!",,,,,,,,RV,,,,"@IF([current-instance]=1,@DEFAULT='0', @SETVALUE='[dahlia_r_practice:value][last-instance]')."
dahlia_intro_to_nhst,dahlia_pathway,Statistics and Machine Learning,radio,"<a href=https://liascript.github.io/course/?https://raw.githubusercontent.com/arcus/education_modules/main/intro_to_nhst/intro_to_nhst.md target=_blank> Introduction to Null Hypothesis Significance Testing </a>","0, Not Started | 1, Started | 2, Done!",,,,,,,,RV,,,,"@IF([current-instance]=1,@DEFAULT='0', @SETVALUE='[dahlia_intro_to_nhst:value][last-instance]')."
dahlia_statistical_tests,dahlia_pathway,,radio,"<a href=https://liascript.github.io/course/?https://raw.githubusercontent.com/arcus/education_modules/main/statistical_tests/statistical_tests.md target=_blank> Statistical Tests in Open Source Software </a>","0, Not Started | 1, Started | 2, Done!",,,,,,,,RV,,,,"@IF([current-instance]=1,@DEFAULT='0', @SETVALUE='[dahlia_statistical_tests:value][last-instance]')."
dahlia_demystifying_machine_learning,dahlia_pathway,,radio,"<a href=https://liascript.github.io/course/?https://raw.githubusercontent.com/arcus/education_modules/main/demystifying_machine_learning/demystifying_machine_learning.md target=_blank> Demystifying Machine Learning </a>","0, Not Started | 1, Started | 2, Done!",,,,,,,,RV,,,,"@IF([current-instance]=1,@DEFAULT='0', @SETVALUE='[dahlia_demystifying_machine_learning:value][last-instance]')."
dahlia_bias_variance_tradeoff,dahlia_pathway,,radio,"<a href=https://liascript.github.io/course/?https://raw.githubusercontent.com/arcus/education_modules/main/bias_variance_tradeoff/bias_variance_tradeoff.md target=_blank> Understanding the Bias-Variance Tradeoff </a>","0, Not Started | 1, Started | 2, Done!",,,,,,,,RV,,,,"@IF([current-instance]=1,@DEFAULT='0', @SETVALUE='[dahlia_bias_variance_tradeoff:value][last-instance]')."
dahlia_demystifying_regular_expressions,dahlia_pathway,Text Patterns ,radio,"<a href=https://liascript.github.io/course/?https://raw.githubusercontent.com/arcus/education_modules/main/demystifying_regular_expressions/demystifying_regular_expressions.md target=_blank> Demystifying Regular Expressions </a>","0, Not Started | 1, Started | 2, Done!",,,,,,,,RV,,,,"@IF([current-instance]=1,@DEFAULT='0', @SETVALUE='[dahlia_demystifying_regular_expressions:value][last-instance]')."
dahlia_regular_expressions_basics,dahlia_pathway,,radio,"<a href=https://liascript.github.io/course/?https://raw.githubusercontent.com/arcus/education_modules/main/regular_expressions_basics/regular_expressions_basics.md target=_blank> Regular Expressions Basics </a>","0, Not Started | 1, Started | 2, Done!",,,,,,,,RV,,,,"@IF([current-instance]=1,@DEFAULT='0', @SETVALUE='[dahlia_regular_expressions_basics:value][last-instance]')."
dahlia_regular_expressions_groups,dahlia_pathway,,radio,"<a href=https://liascript.github.io/course/?https://raw.githubusercontent.com/arcus/education_modules/main/regular_expressions_groups/regular_expressions_groups.md target=_blank> Regular Expressions: Groups </a>","0, Not Started | 1, Started | 2, Done!",,,,,,,,RV,,,,"@IF([current-instance]=1,@DEFAULT='0', @SETVALUE='[dahlia_regular_expressions_groups:value][last-instance]')."
dahlia_regular_expressions_boundaries_anchors,dahlia_pathway,,radio,"<a href=https://liascript.github.io/course/?https://raw.githubusercontent.com/arcus/education_modules/main/regular_expressions_boundaries_anchors/regular_expressions_boundaries_anchors.md target=_blank> Regular Expressions: Flags, Anchors, and Boundaries </a>","0, Not Started | 1, Started | 2, Done!",,,,,,,,RV,,,,"@IF([current-instance]=1,@DEFAULT='0', @SETVALUE='[dahlia_regular_expressions_boundaries_anchors:value][last-instance]')."
dahlia_regular_expressions_lookaheads,dahlia_pathway,,radio,"<a href=https://liascript.github.io/course/?https://raw.githubusercontent.com/arcus/education_modules/main/regular_expressions_lookaheads/regular_expressions_lookaheads.md target=_blank> Regular Expressions: Lookaheads </a>","0, Not Started | 1, Started | 2, Done!",,,,,,,,RV,,,,"@IF([current-instance]=1,@DEFAULT='0', @SETVALUE='[dahlia_regular_expressions_lookaheads:value][last-instance]')."
dahlia_complete,dahlia,,calc,Will show 2 if pathway is complete:,"min([dahlia_reproducibility][current-instance],[dahlia_r_basics_introduction][current-instance],[dahlia_r_basics_visualize_data][current-instance],[dahlia_r_basics_transform_data][current-instance],[dahlia_r_missing_values][current-instance],[dahlia_tidy_data][current-instance],[dahlia_r_reshape_long_wide][current-instance],[dahlia_r_summary_stats][current-instance],[dahlia_data_visualization_in_ggplot2][current-instance],[dahlia_r_practice][current-instance],[dahlia_intro_to_nhst][current-instance],[dahlia_statistical_tests][current-instance],[dahlia_demystifying_machine_learning][current-instance],[dahlia_bias_variance_tradeoff][current-instance],[dahlia_demystifying_regular_expressions][current-instance],[dahlia_regular_expressions_basics][current-instance],[dahlia_regular_expressions_groups][current-instance],[dahlia_regular_expressions_boundaries_anchors][current-instance],[dahlia_regular_expressions_lookaheads][current-instance])",,,,,,,,,,,,"@HIDDEN-SURVEY"
