Variable / Field Name,Form Name,Section Header,Field Type,Field Label,"Choices, Calculations, OR Slider Labels",Field Note,Text Validation Type OR Show Slider Number,Text Validation Min,Text Validation Max,Identifier?,Branching Logic (Show field only if...),Required Field?,Custom Alignment,Question Number (surveys only),Matrix Group Name,Matrix Ranking?,Field Annotation
daffodil_reproducibility,daffodil_pathway,Welcome,radio,"<a href=https://liascript.github.io/course/?https://raw.githubusercontent.com/arcus/education_modules/main/reproducibility/reproducibility.md target=_blank> Reproducibility, Generalizability, and Reuse </a>","0, Not Started | 1, Started | 2, Done!",,,,,,,,RV,,,,"@IF([current-instance]=1,@DEFAULT='0', @SETVALUE='[daffodil_reproducibility:value][last-instance]')."
daffodil_learning_to_learn,daffodil_pathway,,radio,"<a href=https://liascript.github.io/course/?https://raw.githubusercontent.com/arcus/education_modules/main/learning_to_learn/learning_to_learn.md target=_blank> Learning to Learn Data Science </a>","0, Not Started | 1, Started | 2, Done!",,,,,,,,RV,,,,"@IF([current-instance]=1,@DEFAULT='0', @SETVALUE='[daffodil_learning_to_learn:value][last-instance]')."
daffodil_how_to_troubleshoot,daffodil_pathway,,radio,"<a href=https://liascript.github.io/course/?https://raw.githubusercontent.com/arcus/education_modules/main/how_to_troubleshoot/how_to_troubleshoot.md target=_blank> How to Troubleshoot </a>","0, Not Started | 1, Started | 2, Done!",,,,,,,,RV,,,,"@IF([current-instance]=1,@DEFAULT='0', @SETVALUE='[daffodil_how_to_troubleshoot:value][last-instance]')."
daffodil_directories_and_file_paths,daffodil_pathway,,radio,"<a href=https://liascript.github.io/course/?https://raw.githubusercontent.com/arcus/education_modules/main/directories_and_file_paths/directories_and_file_paths.md target=_blank> Directories and File Paths </a>","0, Not Started | 1, Started | 2, Done!",,,,,,,,RV,,,,"@IF([current-instance]=1,@DEFAULT='0', @SETVALUE='[daffodil_directories_and_file_paths:value][last-instance]')."
daffodil_data_management_basics,daffodil_pathway,,radio,"<a href=https://liascript.github.io/course/?https://raw.githubusercontent.com/arcus/education_modules/main/data_management_basics/data_management_basics.md target=_blank> Research Data Management Basics </a>","0, Not Started | 1, Started | 2, Done!",,,,,,,,RV,,,,"@IF([current-instance]=1,@DEFAULT='0', @SETVALUE='[daffodil_data_management_basics:value][last-instance]')."
daffodil_omics_orientation,daffodil_pathway,Getting Started with Genomics,radio,"<a href=https://liascript.github.io/course/?https://raw.githubusercontent.com/arcus/education_modules/main/omics_orientation/omics_orientation.md target=_blank> Omics Orientation </a>","0, Not Started | 1, Started | 2, Done!",,,,,,,,RV,,,,"@IF([current-instance]=1,@DEFAULT='0', @SETVALUE='[daffodil_omics_orientation:value][last-instance]')."
daffodil_bash_command_line_101,daffodil_pathway,,radio,"<a href=https://liascript.github.io/course/?https://raw.githubusercontent.com/arcus/education_modules/main/bash_command_line_101/bash_command_line_101.md target=_blank> Bash / Command Line 101 </a>","0, Not Started | 1, Started | 2, Done!",,,,,,,,RV,,,,"@IF([current-instance]=1,@DEFAULT='0', @SETVALUE='[daffodil_bash_command_line_101:value][last-instance]')."
daffodil_bash_command_line_102,daffodil_pathway,,radio,"<a href=https://liascript.github.io/course/?https://raw.githubusercontent.com/arcus/education_modules/main/bash_command_line_102/bash_command_line_102.md target=_blank> Bash: Searching and Organizing Files </a>","0, Not Started | 1, Started | 2, Done!",,,,,,,,RV,,,,"@IF([current-instance]=1,@DEFAULT='0', @SETVALUE='[daffodil_bash_command_line_102:value][last-instance]')."
daffodil_bash_103_combining_commands,daffodil_pathway,,radio,"<a href=https://liascript.github.io/course/?https://raw.githubusercontent.com/arcus/education_modules/main/bash_103_combining_commands/bash_103_combining_commands.md target=_blank> Bash: Combining Commands </a>","0, Not Started | 1, Started | 2, Done!",,,,,,,,RV,,,,"@IF([current-instance]=1,@DEFAULT='0', @SETVALUE='[daffodil_bash_103_combining_commands:value][last-instance]')."
daffodil_bash_conditionals_loops,daffodil_pathway,,radio,"<a href=https://liascript.github.io/course/?https://raw.githubusercontent.com/arcus/education_modules/main/bash_conditionals_loops/bash_conditionals_loops.md target=_blank> Bash: Conditionals and Loops </a>","0, Not Started | 1, Started | 2, Done!",,,,,,,,RV,,,,"@IF([current-instance]=1,@DEFAULT='0', @SETVALUE='[daffodil_bash_conditionals_loops:value][last-instance]')."
daffodil_bash_scripts,daffodil_pathway,,radio,"<a href=https://liascript.github.io/course/?https://raw.githubusercontent.com/arcus/education_modules/main/bash_scripts/bash_scripts.md target=_blank> Bash: Reusable Scripts </a>","0, Not Started | 1, Started | 2, Done!",,,,,,,,RV,,,,"@IF([current-instance]=1,@DEFAULT='0', @SETVALUE='[daffodil_bash_scripts:value][last-instance]')."
daffodil_genomics_setup,daffodil_pathway,,radio,"<a href=https://liascript.github.io/course/?https://raw.githubusercontent.com/arcus/education_modules/main/genomics_setup/genomics_setup.md target=_blank> Genomics Tools and Methods: Computing Setup </a>","0, Not Started | 1, Started | 2, Done!",,,,,,,,RV,,,,"@IF([current-instance]=1,@DEFAULT='0', @SETVALUE='[daffodil_genomics_setup:value][last-instance]')."
daffodil_genomics_quality_control,daffodil_pathway,,radio,"<a href=https://liascript.github.io/course/?https://raw.githubusercontent.com/arcus/education_modules/main/genomics_quality_control/genomics_quality_control.md target=_blank> Genomics Tools and Methods: Quality Control </a>","0, Not Started | 1, Started | 2, Done!",,,,,,,,RV,,,,"@IF([current-instance]=1,@DEFAULT='0', @SETVALUE='[daffodil_genomics_quality_control:value][last-instance]')."
daffodil_r_basics_introduction,daffodil_pathway,Using R for Data Analysis,radio,"<a href=https://liascript.github.io/course/?https://raw.githubusercontent.com/arcus/education_modules/main/r_basics_introduction/r_basics_introduction.md target=_blank> R Basics: Introduction </a>","0, Not Started | 1, Started | 2, Done!",,,,,,,,RV,,,,"@IF([current-instance]=1,@DEFAULT='0', @SETVALUE='[daffodil_r_basics_introduction:value][last-instance]')."
daffodil_r_basics_visualize_data,daffodil_pathway,,radio,"<a href=https://liascript.github.io/course/?https://raw.githubusercontent.com/arcus/education_modules/main/r_basics_visualize_data/r_basics_visualize_data.md target=_blank> R Basics: Visualizing Data With ggplot2 </a>","0, Not Started | 1, Started | 2, Done!",,,,,,,,RV,,,,"@IF([current-instance]=1,@DEFAULT='0', @SETVALUE='[daffodil_r_basics_visualize_data:value][last-instance]')."
daffodil_r_basics_transform_data,daffodil_pathway,,radio,"<a href=https://liascript.github.io/course/?https://raw.githubusercontent.com/arcus/education_modules/main/r_basics_transform_data/r_basics_transform_data.md target=_blank> R Basics: Transforming Data With dplyr </a>","0, Not Started | 1, Started | 2, Done!",,,,,,,,RV,,,,"@IF([current-instance]=1,@DEFAULT='0', @SETVALUE='[daffodil_r_basics_transform_data:value][last-instance]')."
daffodil_r_missing_values,daffodil_pathway,,radio,"<a href=https://liascript.github.io/course/?https://raw.githubusercontent.com/arcus/education_modules/main/r_missing_values/r_missing_values.md target=_blank> Missing Values in R </a>","0, Not Started | 1, Started | 2, Done!",,,,,,,,RV,,,,"@IF([current-instance]=1,@DEFAULT='0', @SETVALUE='[daffodil_r_missing_values:value][last-instance]')."
daffodil_tidy_data,daffodil_pathway,,radio,"<a href=https://liascript.github.io/course/?https://raw.githubusercontent.com/arcus/education_modules/main/tidy_data/tidy_data.md target=_blank> Tidy Data </a>","0, Not Started | 1, Started | 2, Done!",,,,,,,,RV,,,,"@IF([current-instance]=1,@DEFAULT='0', @SETVALUE='[daffodil_tidy_data:value][last-instance]')."
daffodil_r_reshape_long_wide,daffodil_pathway,,radio,"<a href=https://liascript.github.io/course/?https://raw.githubusercontent.com/arcus/education_modules/main/r_reshape_long_wide/r_reshape_long_wide.md target=_blank> Reshaping Data in R: Long and Wide Data </a>","0, Not Started | 1, Started | 2, Done!",,,,,,,,RV,,,,"@IF([current-instance]=1,@DEFAULT='0', @SETVALUE='[daffodil_r_reshape_long_wide:value][last-instance]')."
daffodil_r_summary_stats,daffodil_pathway,,radio,"<a href=https://liascript.github.io/course/?https://raw.githubusercontent.com/arcus/education_modules/main/r_summary_stats/r_summary_stats.md target=_blank> Summary Statistics in R </a>","0, Not Started | 1, Started | 2, Done!",,,,,,,,RV,,,,"@IF([current-instance]=1,@DEFAULT='0', @SETVALUE='[daffodil_r_summary_stats:value][last-instance]')."
daffodil_r_practice,daffodil_pathway,,radio,"<a href=https://liascript.github.io/course/?https://raw.githubusercontent.com/arcus/education_modules/main/r_practice/r_practice.md target=_blank> R Practice </a>","0, Not Started | 1, Started | 2, Done!",,,,,,,,RV,,,,"@IF([current-instance]=1,@DEFAULT='0', @SETVALUE='[daffodil_r_practice:value][last-instance]')."
daffodil_complete,daffodil,,calc,Will show 2 if pathway is complete:,"min([daffodil_reproducibility][current-instance],[daffodil_learning_to_learn][current-instance],[daffodil_how_to_troubleshoot][current-instance],[daffodil_directories_and_file_paths][current-instance],[daffodil_data_management_basics][current-instance],[daffodil_omics_orientation][current-instance],[daffodil_bash_command_line_101][current-instance],[daffodil_bash_command_line_102][current-instance],[daffodil_bash_103_combining_commands][current-instance],[daffodil_bash_conditionals_loops][current-instance],[daffodil_bash_scripts][current-instance],[daffodil_genomics_setup][current-instance],[daffodil_genomics_quality_control][current-instance],[daffodil_r_basics_introduction][current-instance],[daffodil_r_basics_visualize_data][current-instance],[daffodil_r_basics_transform_data][current-instance],[daffodil_r_missing_values][current-instance],[daffodil_tidy_data][current-instance],[daffodil_r_reshape_long_wide][current-instance],[daffodil_r_summary_stats][current-instance],[daffodil_r_practice][current-instance])",,,,,,,,,,,,"@HIDDEN-SURVEY"
