Variable / Field Name,Form Name,Section Header,Field Type,Field Label,"Choices, Calculations, OR Slider Labels",Field Note,Text Validation Type OR Show Slider Number,Text Validation Min,Text Validation Max,Identifier?,Branching Logic (Show field only if...),Required Field?,Custom Alignment,Question Number (surveys only),Matrix Group Name,Matrix Ranking?,Field Annotation
azalea_reproducibility,azalea_pathway,Welcome,radio,"<a href=https://liascript.github.io/course/?https://raw.githubusercontent.com/arcus/education_modules/main/reproducibility/reproducibility.md target=_blank> Reproducibility, Generalizability, and Reuse </a>","0, Not Started | 1, Started | 2, Done!",,,,,,,,RV,,,,"@IF([current-instance]=1,@DEFAULT='0', @SETVALUE='[azalea_reproducibility:value][last-instance]')."
azalea_learning_to_learn,azalea_pathway,,radio,"<a href=https://liascript.github.io/course/?https://raw.githubusercontent.com/arcus/education_modules/main/learning_to_learn/learning_to_learn.md target=_blank> Learning to Learn Data Science </a>","0, Not Started | 1, Started | 2, Done!",,,,,,,,RV,,,,"@IF([current-instance]=1,@DEFAULT='0', @SETVALUE='[azalea_learning_to_learn:value][last-instance]')."
azalea_how_to_troubleshoot,azalea_pathway,,radio,"<a href=https://liascript.github.io/course/?https://raw.githubusercontent.com/arcus/education_modules/main/how_to_troubleshoot/how_to_troubleshoot.md target=_blank> How to Troubleshoot </a>","0, Not Started | 1, Started | 2, Done!",,,,,,,,RV,,,,"@IF([current-instance]=1,@DEFAULT='0', @SETVALUE='[azalea_how_to_troubleshoot:value][last-instance]')."
azalea_demystifying_regular_expressions,azalea_pathway,Text Patterns,radio,"<a href=https://liascript.github.io/course/?https://raw.githubusercontent.com/arcus/education_modules/main/demystifying_regular_expressions/demystifying_regular_expressions.md target=_blank> Demystifying Regular Expressions </a>","0, Not Started | 1, Started | 2, Done!",,,,,,,,RV,,,,"@IF([current-instance]=1,@DEFAULT='0', @SETVALUE='[azalea_demystifying_regular_expressions:value][last-instance]')."
azalea_regular_expressions_basics,azalea_pathway,,radio,"<a href=https://liascript.github.io/course/?https://raw.githubusercontent.com/arcus/education_modules/main/regular_expressions_basics/regular_expressions_basics.md target=_blank> Regular Expressions Basics </a>","0, Not Started | 1, Started | 2, Done!",,,,,,,,RV,,,,"@IF([current-instance]=1,@DEFAULT='0', @SETVALUE='[azalea_regular_expressions_basics:value][last-instance]')."
azalea_regular_expressions_groups,azalea_pathway,,radio,"<a href=https://liascript.github.io/course/?https://raw.githubusercontent.com/arcus/education_modules/main/regular_expressions_groups/regular_expressions_groups.md target=_blank> Regular Expressions: Groups </a>","0, Not Started | 1, Started | 2, Done!",,,,,,,,RV,,,,"@IF([current-instance]=1,@DEFAULT='0', @SETVALUE='[azalea_regular_expressions_groups:value][last-instance]')."
azalea_demystifying_sql,azalea_pathway,Databases,radio,"<a href=https://liascript.github.io/course/?https://raw.githubusercontent.com/arcus/education_modules/main/demystifying_sql/demystifying_sql.md target=_blank> Demystifying SQL </a>","0, Not Started | 1, Started | 2, Done!",,,,,,,,RV,,,,"@IF([current-instance]=1,@DEFAULT='0', @SETVALUE='[azalea_demystifying_sql:value][last-instance]')."
azalea_sql_basics,azalea_pathway,,radio,"<a href=https://liascript.github.io/course/?https://raw.githubusercontent.com/arcus/education_modules/main/sql_basics/sql_basics.md target=_blank> SQL Basics </a>","0, Not Started | 1, Started | 2, Done!",,,,,,,,RV,,,,"@IF([current-instance]=1,@DEFAULT='0', @SETVALUE='[azalea_sql_basics:value][last-instance]')."
azalea_sql_intermediate,azalea_pathway,,radio,"<a href=https://liascript.github.io/course/?https://raw.githubusercontent.com/arcus/education_modules/main/sql_intermediate/sql_intermediate.md target=_blank> SQL, Intermediate Level </a>","0, Not Started | 1, Started | 2, Done!",,,,,,,,RV,,,,"@IF([current-instance]=1,@DEFAULT='0', @SETVALUE='[azalea_sql_intermediate:value][last-instance]')."
azalea_database_normalization,azalea_pathway,,radio,"<a href=https://liascript.github.io/course/?https://raw.githubusercontent.com/arcus/education_modules/main/database_normalization/database_normalization.md target=_blank> Database Normalization </a>","0, Not Started | 1, Started | 2, Done!",,,,,,,,RV,,,,"@IF([current-instance]=1,@DEFAULT='0', @SETVALUE='[azalea_database_normalization:value][last-instance]')."
azalea_sql_joins,azalea_pathway,,radio,"<a href=https://liascript.github.io/course/?https://raw.githubusercontent.com/arcus/education_modules/main/sql_joins/sql_joins.md target=_blank> SQL Joins </a>","0, Not Started | 1, Started | 2, Done!",,,,,,,,RV,,,,"@IF([current-instance]=1,@DEFAULT='0', @SETVALUE='[azalea_sql_joins:value][last-instance]')."
azalea_r_basics_introduction,azalea_pathway,Using R for Data Analysis,radio,"<a href=https://liascript.github.io/course/?https://raw.githubusercontent.com/arcus/education_modules/main/r_basics_introduction/r_basics_introduction.md target=_blank> R Basics: Introduction </a>","0, Not Started | 1, Started | 2, Done!",,,,,,,,RV,,,,"@IF([current-instance]=1,@DEFAULT='0', @SETVALUE='[azalea_r_basics_introduction:value][last-instance]')."
azalea_r_basics_visualize_data,azalea_pathway,,radio,"<a href=https://liascript.github.io/course/?https://raw.githubusercontent.com/arcus/education_modules/main/r_basics_visualize_data/r_basics_visualize_data.md target=_blank> R Basics: Visualizing Data With ggplot2 </a>","0, Not Started | 1, Started | 2, Done!",,,,,,,,RV,,,,"@IF([current-instance]=1,@DEFAULT='0', @SETVALUE='[azalea_r_basics_visualize_data:value][last-instance]')."
azalea_r_basics_transform_data,azalea_pathway,,radio,"<a href=https://liascript.github.io/course/?https://raw.githubusercontent.com/arcus/education_modules/main/r_basics_transform_data/r_basics_transform_data.md target=_blank> R Basics: Transforming Data With dplyr </a>","0, Not Started | 1, Started | 2, Done!",,,,,,,,RV,,,,"@IF([current-instance]=1,@DEFAULT='0', @SETVALUE='[azalea_r_basics_transform_data:value][last-instance]')."
azalea_r_missing_values,azalea_pathway,,radio,"<a href=https://liascript.github.io/course/?https://raw.githubusercontent.com/arcus/education_modules/main/r_missing_values/r_missing_values.md target=_blank> Missing Values in R </a>","0, Not Started | 1, Started | 2, Done!",,,,,,,,RV,,,,"@IF([current-instance]=1,@DEFAULT='0', @SETVALUE='[azalea_r_missing_values:value][last-instance]')."
azalea_r_reshape_long_wide,azalea_pathway,,radio,"<a href=https://liascript.github.io/course/?https://raw.githubusercontent.com/arcus/education_modules/main/r_reshape_long_wide/r_reshape_long_wide.md target=_blank> Reshaping Data in R: Long and Wide Data </a>","0, Not Started | 1, Started | 2, Done!",,,,,,,,RV,,,,"@IF([current-instance]=1,@DEFAULT='0', @SETVALUE='[azalea_r_reshape_long_wide:value][last-instance]')."
azalea_r_summary_stats,azalea_pathway,,radio,"<a href=https://liascript.github.io/course/?https://raw.githubusercontent.com/arcus/education_modules/main/r_summary_stats/r_summary_stats.md target=_blank> Summary Statistics in R </a>","0, Not Started | 1, Started | 2, Done!",,,,,,,,RV,,,,"@IF([current-instance]=1,@DEFAULT='0', @SETVALUE='[azalea_r_summary_stats:value][last-instance]')."
azalea_data_visualization_in_ggplot2,azalea_pathway,,radio,"<a href=https://liascript.github.io/course/?https://raw.githubusercontent.com/arcus/education_modules/main/data_visualization_in_ggplot2/data_visualization_in_ggplot2.md target=_blank> Data Visualization in ggplot2 </a>","0, Not Started | 1, Started | 2, Done!",,,,,,,,RV,,,,"@IF([current-instance]=1,@DEFAULT='0', @SETVALUE='[azalea_data_visualization_in_ggplot2:value][last-instance]')."
azalea_r_practice,azalea_pathway,,radio,"<a href=https://liascript.github.io/course/?https://raw.githubusercontent.com/arcus/education_modules/main/r_practice/r_practice.md target=_blank> R Practice </a>","0, Not Started | 1, Started | 2, Done!",,,,,,,,RV,,,,"@IF([current-instance]=1,@DEFAULT='0', @SETVALUE='[azalea_r_practice:value][last-instance]')."
azalea_intro_to_nhst,azalea_pathway,Statistics,radio,"<a href=https://liascript.github.io/course/?https://raw.githubusercontent.com/arcus/education_modules/main/intro_to_nhst/intro_to_nhst.md target=_blank> Introduction to Null Hypothesis Significance Testing </a>","0, Not Started | 1, Started | 2, Done!",,,,,,,,RV,,,,"@IF([current-instance]=1,@DEFAULT='0', @SETVALUE='[azalea_intro_to_nhst:value][last-instance]')."
azalea_statistical_tests,azalea_pathway,,radio,"<a href=https://liascript.github.io/course/?https://raw.githubusercontent.com/arcus/education_modules/main/statistical_tests/statistical_tests.md target=_blank> Statistical Tests in Open Source Software </a>","0, Not Started | 1, Started | 2, Done!",,,,,,,,RV,,,,"@IF([current-instance]=1,@DEFAULT='0', @SETVALUE='[azalea_statistical_tests:value][last-instance]')."
azalea_complete,azalea,,calc,Will show 2 if pathway is complete:,"min([azalea_reproducibility][current-instance],[azalea_learning_to_learn][current-instance],[azalea_how_to_troubleshoot][current-instance],[azalea_demystifying_regular_expressions][current-instance],[azalea_regular_expressions_basics][current-instance],[azalea_regular_expressions_groups][current-instance],[azalea_demystifying_sql][current-instance],[azalea_sql_basics][current-instance],[azalea_sql_intermediate][current-instance],[azalea_database_normalization][current-instance],[azalea_sql_joins][current-instance],[azalea_r_basics_introduction][current-instance],[azalea_r_basics_visualize_data][current-instance],[azalea_r_basics_transform_data][current-instance],[azalea_r_missing_values][current-instance],[azalea_r_reshape_long_wide][current-instance],[azalea_r_summary_stats][current-instance],[azalea_data_visualization_in_ggplot2][current-instance],[azalea_r_practice][current-instance],[azalea_intro_to_nhst][current-instance],[azalea_statistical_tests][current-instance])",,,,,,,,,,,,"@HIDDEN-SURVEY"
