Variable / Field Name,Form Name,Section Header,Field Type,Field Label,"Choices, Calculations, OR Slider Labels",Field Note,Text Validation Type OR Show Slider Number,Text Validation Min,Text Validation Max,Identifier?,Branching Logic (Show field only if...),Required Field?,Custom Alignment,Question Number (surveys only),Matrix Group Name,Matrix Ranking?,Field Annotation
peony_reproducibility,peony_pathway,Welcome,radio,"<a href=https://liascript.github.io/course/?https://raw.githubusercontent.com/arcus/education_modules/main/reproducibility/reproducibility.md target=_blank> Reproducibility, Generalizability, and Reuse </a>","0, Not Started | 1, Started | 2, Done!",,,,,,,,RV,,,,"@IF([current-instance]=1,@DEFAULT='0', @SETVALUE='[peony_reproducibility:value][last-instance]')."
peony_learning_to_learn,peony_pathway,,radio,"<a href=https://liascript.github.io/course/?https://raw.githubusercontent.com/arcus/education_modules/main/learning_to_learn/learning_to_learn.md target=_blank> Learning to Learn Data Science </a>","0, Not Started | 1, Started | 2, Done!",,,,,,,,RV,,,,"@IF([current-instance]=1,@DEFAULT='0', @SETVALUE='[peony_learning_to_learn:value][last-instance]')."
peony_tidy_data,peony_pathway,,radio,"<a href=https://liascript.github.io/course/?https://raw.githubusercontent.com/arcus/education_modules/main/tidy_data/tidy_data.md target=_blank> Tidy Data </a>","0, Not Started | 1, Started | 2, Done!",,,,,,,,RV,,,,"@IF([current-instance]=1,@DEFAULT='0', @SETVALUE='[peony_tidy_data:value][last-instance]')."
peony_r_basics_introduction,peony_pathway,Getting Started with R,radio,"<a href=https://liascript.github.io/course/?https://raw.githubusercontent.com/arcus/education_modules/main/r_basics_introduction/r_basics_introduction.md target=_blank> R Basics: Introduction </a>","0, Not Started | 1, Started | 2, Done!",,,,,,,,RV,,,,"@IF([current-instance]=1,@DEFAULT='0', @SETVALUE='[peony_r_basics_introduction:value][last-instance]')."
peony_r_basics_visualize_data,peony_pathway,,radio,"<a href=https://liascript.github.io/course/?https://raw.githubusercontent.com/arcus/education_modules/main/r_basics_visualize_data/r_basics_visualize_data.md target=_blank> R Basics: Visualizing Data With ggplot2 </a>","0, Not Started | 1, Started | 2, Done!",,,,,,,,RV,,,,"@IF([current-instance]=1,@DEFAULT='0', @SETVALUE='[peony_r_basics_visualize_data:value][last-instance]')."
peony_r_basics_transform_data,peony_pathway,,radio,"<a href=https://liascript.github.io/course/?https://raw.githubusercontent.com/arcus/education_modules/main/r_basics_transform_data/r_basics_transform_data.md target=_blank> R Basics: Transforming Data With dplyr </a>","0, Not Started | 1, Started | 2, Done!",,,,,,,,RV,,,,"@IF([current-instance]=1,@DEFAULT='0', @SETVALUE='[peony_r_basics_transform_data:value][last-instance]')."
peony_how_to_troubleshoot,peony_pathway,,radio,"<a href=https://liascript.github.io/course/?https://raw.githubusercontent.com/arcus/education_modules/main/how_to_troubleshoot/how_to_troubleshoot.md target=_blank> How to Troubleshoot </a>","0, Not Started | 1, Started | 2, Done!",,,,,,,,RV,,,,"@IF([current-instance]=1,@DEFAULT='0', @SETVALUE='[peony_how_to_troubleshoot:value][last-instance]')."
peony_r_missing_values,peony_pathway,,radio,"<a href=https://liascript.github.io/course/?https://raw.githubusercontent.com/arcus/education_modules/main/r_missing_values/r_missing_values.md target=_blank> Missing Values in R </a>","0, Not Started | 1, Started | 2, Done!",,,,,,,,RV,,,,"@IF([current-instance]=1,@DEFAULT='0', @SETVALUE='[peony_r_missing_values:value][last-instance]')."
peony_r_reshape_long_wide,peony_pathway,,radio,"<a href=https://liascript.github.io/course/?https://raw.githubusercontent.com/arcus/education_modules/main/r_reshape_long_wide/r_reshape_long_wide.md target=_blank> Reshaping Data in R: Long and Wide Data </a>","0, Not Started | 1, Started | 2, Done!",,,,,,,,RV,,,,"@IF([current-instance]=1,@DEFAULT='0', @SETVALUE='[peony_r_reshape_long_wide:value][last-instance]')."
peony_data_visualization_in_ggplot2,peony_pathway,,radio,"<a href=https://liascript.github.io/course/?https://raw.githubusercontent.com/arcus/education_modules/main/data_visualization_in_ggplot2/data_visualization_in_ggplot2.md target=_blank> Data Visualization in ggplot2 </a>","0, Not Started | 1, Started | 2, Done!",,,,,,,,RV,,,,"@IF([current-instance]=1,@DEFAULT='0', @SETVALUE='[peony_data_visualization_in_ggplot2:value][last-instance]')."
peony_r_practice,peony_pathway,,radio,"<a href=https://liascript.github.io/course/?https://raw.githubusercontent.com/arcus/education_modules/main/r_practice/r_practice.md target=_blank> R Practice </a>","0, Not Started | 1, Started | 2, Done!",,,,,,,,RV,,,,"@IF([current-instance]=1,@DEFAULT='0', @SETVALUE='[peony_r_practice:value][last-instance]')."
peony_demystifying_regular_expressions,peony_pathway,Pattern Matching in Text,radio,"<a href=https://liascript.github.io/course/?https://raw.githubusercontent.com/arcus/education_modules/main/demystifying_regular_expressions/demystifying_regular_expressions.md target=_blank> Demystifying Regular Expressions </a>","0, Not Started | 1, Started | 2, Done!",,,,,,,,RV,,,,"@IF([current-instance]=1,@DEFAULT='0', @SETVALUE='[peony_demystifying_regular_expressions:value][last-instance]')."
peony_regular_expressions_basics,peony_pathway,,radio,"<a href=https://liascript.github.io/course/?https://raw.githubusercontent.com/arcus/education_modules/main/regular_expressions_basics/regular_expressions_basics.md target=_blank> Regular Expressions Basics </a>","0, Not Started | 1, Started | 2, Done!",,,,,,,,RV,,,,"@IF([current-instance]=1,@DEFAULT='0', @SETVALUE='[peony_regular_expressions_basics:value][last-instance]')."
peony_regular_expressions_groups,peony_pathway,,radio,"<a href=https://liascript.github.io/course/?https://raw.githubusercontent.com/arcus/education_modules/main/regular_expressions_groups/regular_expressions_groups.md target=_blank> Regular Expressions: Groups </a>","0, Not Started | 1, Started | 2, Done!",,,,,,,,RV,,,,"@IF([current-instance]=1,@DEFAULT='0', @SETVALUE='[peony_regular_expressions_groups:value][last-instance]')."
peony_demystifying_sql,peony_pathway,Working with Databases,radio,"<a href=https://liascript.github.io/course/?https://raw.githubusercontent.com/arcus/education_modules/main/demystifying_sql/demystifying_sql.md target=_blank> Demystifying SQL </a>","0, Not Started | 1, Started | 2, Done!",,,,,,,,RV,,,,"@IF([current-instance]=1,@DEFAULT='0', @SETVALUE='[peony_demystifying_sql:value][last-instance]')."
peony_sql_basics,peony_pathway,,radio,"<a href=https://liascript.github.io/course/?https://raw.githubusercontent.com/arcus/education_modules/main/sql_basics/sql_basics.md target=_blank> SQL Basics </a>","0, Not Started | 1, Started | 2, Done!",,,,,,,,RV,,,,"@IF([current-instance]=1,@DEFAULT='0', @SETVALUE='[peony_sql_basics:value][last-instance]')."
peony_sql_intermediate,peony_pathway,,radio,"<a href=https://liascript.github.io/course/?https://raw.githubusercontent.com/arcus/education_modules/main/sql_intermediate/sql_intermediate.md target=_blank> SQL, Intermediate Level </a>","0, Not Started | 1, Started | 2, Done!",,,,,,,,RV,,,,"@IF([current-instance]=1,@DEFAULT='0', @SETVALUE='[peony_sql_intermediate:value][last-instance]')."
peony_database_normalization,peony_pathway,,radio,"<a href=https://liascript.github.io/course/?https://raw.githubusercontent.com/arcus/education_modules/main/database_normalization/database_normalization.md target=_blank> Database Normalization </a>","0, Not Started | 1, Started | 2, Done!",,,,,,,,RV,,,,"@IF([current-instance]=1,@DEFAULT='0', @SETVALUE='[peony_database_normalization:value][last-instance]')."
peony_sql_joins,peony_pathway,,radio,"<a href=https://liascript.github.io/course/?https://raw.githubusercontent.com/arcus/education_modules/main/sql_joins/sql_joins.md target=_blank> SQL Joins </a>","0, Not Started | 1, Started | 2, Done!",,,,,,,,RV,,,,"@IF([current-instance]=1,@DEFAULT='0', @SETVALUE='[peony_sql_joins:value][last-instance]')."
peony_complete,peony,,calc,Will show 2 if pathway is complete:,"min([peony_reproducibility][current-instance],[peony_learning_to_learn][current-instance],[peony_tidy_data][current-instance],[peony_r_basics_introduction][current-instance],[peony_r_basics_visualize_data][current-instance],[peony_r_basics_transform_data][current-instance],[peony_how_to_troubleshoot][current-instance],[peony_r_missing_values][current-instance],[peony_r_reshape_long_wide][current-instance],[peony_data_visualization_in_ggplot2][current-instance],[peony_r_practice][current-instance],[peony_demystifying_regular_expressions][current-instance],[peony_regular_expressions_basics][current-instance],[peony_regular_expressions_groups][current-instance],[peony_demystifying_sql][current-instance],[peony_sql_basics][current-instance],[peony_sql_intermediate][current-instance],[peony_database_normalization][current-instance],[peony_sql_joins][current-instance])",,,,,,,,,,,,"@HIDDEN-SURVEY"
