Variable / Field Name,Form Name,Section Header,Field Type,Field Label,"Choices, Calculations, OR Slider Labels",Field Note,Text Validation Type OR Show Slider Number,Text Validation Min,Text Validation Max,Identifier?,Branching Logic (Show field only if...),Required Field?,Custom Alignment,Question Number (surveys only),Matrix Group Name,Matrix Ranking?,Field Annotation
tulip_reproducibility,tulip_pathway,Welcome,radio,"<a href=https://liascript.github.io/course/?https://raw.githubusercontent.com/arcus/education_modules/main/reproducibility/reproducibility.md target=_blank> Reproducibility, Generalizability, and Reuse </a>","0, Not Started | 1, Started | 2, Done!",,,,,,,,RV,,,,"@IF([current-instance]=1,@DEFAULT='0', @SETVALUE='[tulip_reproducibility:value][last-instance]')."
tulip_demystifying_containers,tulip_pathway,,radio,"<a href=https://liascript.github.io/course/?https://raw.githubusercontent.com/arcus/education_modules/main/demystifying_containers/demystifying_containers.md target=_blank> Demystifying Containers </a>","0, Not Started | 1, Started | 2, Done!",,,,,,,,RV,,,,"@IF([current-instance]=1,@DEFAULT='0', @SETVALUE='[tulip_demystifying_containers:value][last-instance]')."
tulip_docker_101,tulip_pathway,,radio,"<a href=https://liascript.github.io/course/?https://raw.githubusercontent.com/arcus/education_modules/main/docker_101/docker_101.md target=_blank> Getting Started with Docker for Research </a>","0, Not Started | 1, Started | 2, Done!",,,,,,,,RV,,,,"@IF([current-instance]=1,@DEFAULT='0', @SETVALUE='[tulip_docker_101:value][last-instance]')."
tulip_demystifying_regular_expressions,tulip_pathway,Text Patterns,radio,"<a href=https://liascript.github.io/course/?https://raw.githubusercontent.com/arcus/education_modules/main/demystifying_regular_expressions/demystifying_regular_expressions.md target=_blank> Demystifying Regular Expressions </a>","0, Not Started | 1, Started | 2, Done!",,,,,,,,RV,,,,"@IF([current-instance]=1,@DEFAULT='0', @SETVALUE='[tulip_demystifying_regular_expressions:value][last-instance]')."
tulip_regular_expressions_basics,tulip_pathway,,radio,"<a href=https://liascript.github.io/course/?https://raw.githubusercontent.com/arcus/education_modules/main/regular_expressions_basics/regular_expressions_basics.md target=_blank> Regular Expressions Basics </a>","0, Not Started | 1, Started | 2, Done!",,,,,,,,RV,,,,"@IF([current-instance]=1,@DEFAULT='0', @SETVALUE='[tulip_regular_expressions_basics:value][last-instance]')."
tulip_regular_expressions_groups,tulip_pathway,,radio,"<a href=https://liascript.github.io/course/?https://raw.githubusercontent.com/arcus/education_modules/main/regular_expressions_groups/regular_expressions_groups.md target=_blank> Regular Expressions: Groups </a>","0, Not Started | 1, Started | 2, Done!",,,,,,,,RV,,,,"@IF([current-instance]=1,@DEFAULT='0', @SETVALUE='[tulip_regular_expressions_groups:value][last-instance]')."
tulip_regular_expressions_boundaries_anchors,tulip_pathway,,radio,"<a href=https://liascript.github.io/course/?https://raw.githubusercontent.com/arcus/education_modules/main/regular_expressions_boundaries_anchors/regular_expressions_boundaries_anchors.md target=_blank> Regular Expressions: Flags, Anchors, and Boundaries </a>","0, Not Started | 1, Started | 2, Done!",,,,,,,,RV,,,,"@IF([current-instance]=1,@DEFAULT='0', @SETVALUE='[tulip_regular_expressions_boundaries_anchors:value][last-instance]')."
tulip_regular_expressions_lookaheads,tulip_pathway,,radio,"<a href=https://liascript.github.io/course/?https://raw.githubusercontent.com/arcus/education_modules/main/regular_expressions_lookaheads/regular_expressions_lookaheads.md target=_blank> Regular Expressions: Lookaheads </a>","0, Not Started | 1, Started | 2, Done!",,,,,,,,RV,,,,"@IF([current-instance]=1,@DEFAULT='0', @SETVALUE='[tulip_regular_expressions_lookaheads:value][last-instance]')."
tulip_sql_basics,tulip_pathway,Databases,radio,"<a href=https://liascript.github.io/course/?https://raw.githubusercontent.com/arcus/education_modules/main/sql_basics/sql_basics.md target=_blank> SQL Basics </a>","0, Not Started | 1, Started | 2, Done!",,,,,,,,RV,,,,"@IF([current-instance]=1,@DEFAULT='0', @SETVALUE='[tulip_sql_basics:value][last-instance]')."
tulip_sql_intermediate,tulip_pathway,,radio,"<a href=https://liascript.github.io/course/?https://raw.githubusercontent.com/arcus/education_modules/main/sql_intermediate/sql_intermediate.md target=_blank> SQL, Intermediate Level </a>","0, Not Started | 1, Started | 2, Done!",,,,,,,,RV,,,,"@IF([current-instance]=1,@DEFAULT='0', @SETVALUE='[tulip_sql_intermediate:value][last-instance]')."
tulip_database_normalization,tulip_pathway,,radio,"<a href=https://liascript.github.io/course/?https://raw.githubusercontent.com/arcus/education_modules/main/database_normalization/database_normalization.md target=_blank> Database Normalization </a>","0, Not Started | 1, Started | 2, Done!",,,,,,,,RV,,,,"@IF([current-instance]=1,@DEFAULT='0', @SETVALUE='[tulip_database_normalization:value][last-instance]')."
tulip_sql_joins,tulip_pathway,,radio,"<a href=https://liascript.github.io/course/?https://raw.githubusercontent.com/arcus/education_modules/main/sql_joins/sql_joins.md target=_blank> SQL Joins </a>","0, Not Started | 1, Started | 2, Done!",,,,,,,,RV,,,,"@IF([current-instance]=1,@DEFAULT='0', @SETVALUE='[tulip_sql_joins:value][last-instance]')."
tulip_pandas_transform,tulip_pathway,Python,radio,"<a href=https://liascript.github.io/course/?https://raw.githubusercontent.com/arcus/education_modules/main/pandas_transform/pandas_transform.md target=_blank> Transform Data with pandas </a>","0, Not Started | 1, Started | 2, Done!",,,,,,,,RV,,,,"@IF([current-instance]=1,@DEFAULT='0', @SETVALUE='[tulip_pandas_transform:value][last-instance]')."
tulip_data_visualization_in_seaborn,tulip_pathway,,radio,"<a href=https://liascript.github.io/course/?https://raw.githubusercontent.com/arcus/education_modules/main/data_visualization_in_seaborn/data_visualization_in_seaborn.md target=_blank> Data Visualization in seaborn </a>","0, Not Started | 1, Started | 2, Done!",,,,,,,,RV,,,,"@IF([current-instance]=1,@DEFAULT='0', @SETVALUE='[tulip_data_visualization_in_seaborn:value][last-instance]')."
tulip_python_practice,tulip_pathway,,radio,"<a href=https://liascript.github.io/course/?https://raw.githubusercontent.com/arcus/education_modules/main/python_practice/python_practice.md target=_blank> Python Practice </a>","0, Not Started | 1, Started | 2, Done!",,,,,,,,RV,,,,"@IF([current-instance]=1,@DEFAULT='0', @SETVALUE='[tulip_python_practice:value][last-instance]')."
tulip_demystifying_large_language_models,tulip_pathway,Machine Learning,radio,"<a href=https://liascript.github.io/course/?https://raw.githubusercontent.com/arcus/education_modules/main/demystifying_large_language_models/demystifying_large_language_models.md target=_blank> Demystifying Large Language Models </a>","0, Not Started | 1, Started | 2, Done!",,,,,,,,RV,,,,"@IF([current-instance]=1,@DEFAULT='0', @SETVALUE='[tulip_demystifying_large_language_models:value][last-instance]')."
tulip_demystifying_machine_learning,tulip_pathway,,radio,"<a href=https://liascript.github.io/course/?https://raw.githubusercontent.com/arcus/education_modules/main/demystifying_machine_learning/demystifying_machine_learning.md target=_blank> Demystifying Machine Learning </a>","0, Not Started | 1, Started | 2, Done!",,,,,,,,RV,,,,"@IF([current-instance]=1,@DEFAULT='0', @SETVALUE='[tulip_demystifying_machine_learning:value][last-instance]')."
tulip_bias_variance_tradeoff,tulip_pathway,,radio,"<a href=https://liascript.github.io/course/?https://raw.githubusercontent.com/arcus/education_modules/main/bias_variance_tradeoff/bias_variance_tradeoff.md target=_blank> Understanding the Bias-Variance Tradeoff </a>","0, Not Started | 1, Started | 2, Done!",,,,,,,,RV,,,,"@IF([current-instance]=1,@DEFAULT='0', @SETVALUE='[tulip_bias_variance_tradeoff:value][last-instance]')."
tulip_git_creation_and_tracking,tulip_pathway,Working with git,radio,"<a href=https://liascript.github.io/course/?https://raw.githubusercontent.com/arcus/education_modules/main/git_creation_and_tracking/git_creation_and_tracking.md target=_blank> Creating a Git Repository </a>","0, Not Started | 1, Started | 2, Done!",,,,,,,,RV,,,,"@IF([current-instance]=1,@DEFAULT='0', @SETVALUE='[tulip_git_creation_and_tracking:value][last-instance]')."
tulip_git_history_of_project,tulip_pathway,,radio,"<a href=https://liascript.github.io/course/?https://raw.githubusercontent.com/arcus/education_modules/main/git_history_of_project/git_history_of_project.md target=_blank> Exploring the History of your Git Repository </a>","0, Not Started | 1, Started | 2, Done!",,,,,,,,RV,,,,"@IF([current-instance]=1,@DEFAULT='0', @SETVALUE='[tulip_git_history_of_project:value][last-instance]')."
tulip_complete,tulip,,calc,Will show 2 if pathway is complete:,"min([tulip_reproducibility][current-instance],[tulip_demystifying_containers][current-instance],[tulip_docker_101][current-instance],[tulip_demystifying_regular_expressions][current-instance],[tulip_regular_expressions_basics][current-instance],[tulip_regular_expressions_groups][current-instance],[tulip_regular_expressions_boundaries_anchors][current-instance],[tulip_regular_expressions_lookaheads][current-instance],[tulip_sql_basics][current-instance],[tulip_sql_intermediate][current-instance],[tulip_database_normalization][current-instance],[tulip_sql_joins][current-instance],[tulip_pandas_transform][current-instance],[tulip_data_visualization_in_seaborn][current-instance],[tulip_python_practice][current-instance],[tulip_demystifying_large_language_models][current-instance],[tulip_demystifying_machine_learning][current-instance],[tulip_bias_variance_tradeoff][current-instance],[tulip_git_creation_and_tracking][current-instance],[tulip_git_history_of_project][current-instance])",,,,,,,,,,,,"@HIDDEN-SURVEY"
