Variable / Field Name,Form Name,Section Header,Field Type,Field Label,"Choices, Calculations, OR Slider Labels",Field Note,Text Validation Type OR Show Slider Number,Text Validation Min,Text Validation Max,Identifier?,Branching Logic (Show field only if...),Required Field?,Custom Alignment,Question Number (surveys only),Matrix Group Name,Matrix Ranking?,Field Annotation
begonia_reproducibility,begonia_pathway,Welcome,radio,"<a href=https://liascript.github.io/course/?https://raw.githubusercontent.com/arcus/education_modules/main/reproducibility/reproducibility.md target=_blank> Reproducibility, Generalizability, and Reuse </a>","0, Not Started | 1, Started | 2, Done!",,,,,,,,RV,,,,"@IF([current-instance]=1,@DEFAULT='0', @SETVALUE='[begonia_reproducibility:value][last-instance]')."
begonia_learning_to_learn,begonia_pathway,,radio,"<a href=https://liascript.github.io/course/?https://raw.githubusercontent.com/arcus/education_modules/main/learning_to_learn/learning_to_learn.md target=_blank> Learning to Learn Data Science </a>","0, Not Started | 1, Started | 2, Done!",,,,,,,,RV,,,,"@IF([current-instance]=1,@DEFAULT='0', @SETVALUE='[begonia_learning_to_learn:value][last-instance]')."
begonia_how_to_troubleshoot,begonia_pathway,,radio,"<a href=https://liascript.github.io/course/?https://raw.githubusercontent.com/arcus/education_modules/main/how_to_troubleshoot/how_to_troubleshoot.md target=_blank> How to Troubleshoot </a>","0, Not Started | 1, Started | 2, Done!",,,,,,,,RV,,,,"@IF([current-instance]=1,@DEFAULT='0', @SETVALUE='[begonia_how_to_troubleshoot:value][last-instance]')."
begonia_demystifying_machine_learning,begonia_pathway,Machine Learning First Steps,radio,"<a href=https://liascript.github.io/course/?https://raw.githubusercontent.com/arcus/education_modules/main/demystifying_machine_learning/demystifying_machine_learning.md target=_blank> Demystifying Machine Learning </a>","0, Not Started | 1, Started | 2, Done!",,,,,,,,RV,,,,"@IF([current-instance]=1,@DEFAULT='0', @SETVALUE='[begonia_demystifying_machine_learning:value][last-instance]')."
begonia_bias_variance_tradeoff,begonia_pathway,,radio,"<a href=https://liascript.github.io/course/?https://raw.githubusercontent.com/arcus/education_modules/main/bias_variance_tradeoff/bias_variance_tradeoff.md target=_blank> Understanding the Bias-Variance Tradeoff </a>","0, Not Started | 1, Started | 2, Done!",,,,,,,,RV,,,,"@IF([current-instance]=1,@DEFAULT='0', @SETVALUE='[begonia_bias_variance_tradeoff:value][last-instance]')."
begonia_demystifying_large_language_models,begonia_pathway,,radio,"<a href=https://liascript.github.io/course/?https://raw.githubusercontent.com/arcus/education_modules/main/demystifying_large_language_models/demystifying_large_language_models.md target=_blank> Demystifying Large Language Models </a>","0, Not Started | 1, Started | 2, Done!",,,,,,,,RV,,,,"@IF([current-instance]=1,@DEFAULT='0', @SETVALUE='[begonia_demystifying_large_language_models:value][last-instance]')."
begonia_r_basics_introduction,begonia_pathway,Using R for Data Analysis,radio,"<a href=https://liascript.github.io/course/?https://raw.githubusercontent.com/arcus/education_modules/main/r_basics_introduction/r_basics_introduction.md target=_blank> R Basics: Introduction </a>","0, Not Started | 1, Started | 2, Done!",,,,,,,,RV,,,,"@IF([current-instance]=1,@DEFAULT='0', @SETVALUE='[begonia_r_basics_introduction:value][last-instance]')."
begonia_r_basics_visualize_data,begonia_pathway,,radio,"<a href=https://liascript.github.io/course/?https://raw.githubusercontent.com/arcus/education_modules/main/r_basics_visualize_data/r_basics_visualize_data.md target=_blank> R Basics: Visualizing Data With ggplot2 </a>","0, Not Started | 1, Started | 2, Done!",,,,,,,,RV,,,,"@IF([current-instance]=1,@DEFAULT='0', @SETVALUE='[begonia_r_basics_visualize_data:value][last-instance]')."
begonia_r_basics_transform_data,begonia_pathway,,radio,"<a href=https://liascript.github.io/course/?https://raw.githubusercontent.com/arcus/education_modules/main/r_basics_transform_data/r_basics_transform_data.md target=_blank> R Basics: Transforming Data With dplyr </a>","0, Not Started | 1, Started | 2, Done!",,,,,,,,RV,,,,"@IF([current-instance]=1,@DEFAULT='0', @SETVALUE='[begonia_r_basics_transform_data:value][last-instance]')."
begonia_r_missing_values,begonia_pathway,,radio,"<a href=https://liascript.github.io/course/?https://raw.githubusercontent.com/arcus/education_modules/main/r_missing_values/r_missing_values.md target=_blank> Missing Values in R </a>","0, Not Started | 1, Started | 2, Done!",,,,,,,,RV,,,,"@IF([current-instance]=1,@DEFAULT='0', @SETVALUE='[begonia_r_missing_values:value][last-instance]')."
begonia_r_reshape_long_wide,begonia_pathway,,radio,"<a href=https://liascript.github.io/course/?https://raw.githubusercontent.com/arcus/education_modules/main/r_reshape_long_wide/r_reshape_long_wide.md target=_blank> Reshaping Data in R: Long and Wide Data </a>","0, Not Started | 1, Started | 2, Done!",,,,,,,,RV,,,,"@IF([current-instance]=1,@DEFAULT='0', @SETVALUE='[begonia_r_reshape_long_wide:value][last-instance]')."
begonia_r_summary_stats,begonia_pathway,,radio,"<a href=https://liascript.github.io/course/?https://raw.githubusercontent.com/arcus/education_modules/main/r_summary_stats/r_summary_stats.md target=_blank> Summary Statistics in R </a>","0, Not Started | 1, Started | 2, Done!",,,,,,,,RV,,,,"@IF([current-instance]=1,@DEFAULT='0', @SETVALUE='[begonia_r_summary_stats:value][last-instance]')."
begonia_data_visualization_in_ggplot2,begonia_pathway,,radio,"<a href=https://liascript.github.io/course/?https://raw.githubusercontent.com/arcus/education_modules/main/data_visualization_in_ggplot2/data_visualization_in_ggplot2.md target=_blank> Data Visualization in ggplot2 </a>","0, Not Started | 1, Started | 2, Done!",,,,,,,,RV,,,,"@IF([current-instance]=1,@DEFAULT='0', @SETVALUE='[begonia_data_visualization_in_ggplot2:value][last-instance]')."
begonia_r_practice,begonia_pathway,,radio,"<a href=https://liascript.github.io/course/?https://raw.githubusercontent.com/arcus/education_modules/main/r_practice/r_practice.md target=_blank> R Practice </a>","0, Not Started | 1, Started | 2, Done!",,,,,,,,RV,,,,"@IF([current-instance]=1,@DEFAULT='0', @SETVALUE='[begonia_r_practice:value][last-instance]')."
begonia_demystifying_regular_expressions,begonia_pathway,Text Patterns ,radio,"<a href=https://liascript.github.io/course/?https://raw.githubusercontent.com/arcus/education_modules/main/demystifying_regular_expressions/demystifying_regular_expressions.md target=_blank> Demystifying Regular Expressions </a>","0, Not Started | 1, Started | 2, Done!",,,,,,,,RV,,,,"@IF([current-instance]=1,@DEFAULT='0', @SETVALUE='[begonia_demystifying_regular_expressions:value][last-instance]')."
begonia_regular_expressions_basics,begonia_pathway,,radio,"<a href=https://liascript.github.io/course/?https://raw.githubusercontent.com/arcus/education_modules/main/regular_expressions_basics/regular_expressions_basics.md target=_blank> Regular Expressions Basics </a>","0, Not Started | 1, Started | 2, Done!",,,,,,,,RV,,,,"@IF([current-instance]=1,@DEFAULT='0', @SETVALUE='[begonia_regular_expressions_basics:value][last-instance]')."
begonia_regular_expressions_groups,begonia_pathway,,radio,"<a href=https://liascript.github.io/course/?https://raw.githubusercontent.com/arcus/education_modules/main/regular_expressions_groups/regular_expressions_groups.md target=_blank> Regular Expressions: Groups </a>","0, Not Started | 1, Started | 2, Done!",,,,,,,,RV,,,,"@IF([current-instance]=1,@DEFAULT='0', @SETVALUE='[begonia_regular_expressions_groups:value][last-instance]')."
begonia_regular_expressions_boundaries_anchors,begonia_pathway,,radio,"<a href=https://liascript.github.io/course/?https://raw.githubusercontent.com/arcus/education_modules/main/regular_expressions_boundaries_anchors/regular_expressions_boundaries_anchors.md target=_blank> Regular Expressions: Flags, Anchors, and Boundaries </a>","0, Not Started | 1, Started | 2, Done!",,,,,,,,RV,,,,"@IF([current-instance]=1,@DEFAULT='0', @SETVALUE='[begonia_regular_expressions_boundaries_anchors:value][last-instance]')."
begonia_regular_expressions_lookaheads,begonia_pathway,,radio,"<a href=https://liascript.github.io/course/?https://raw.githubusercontent.com/arcus/education_modules/main/regular_expressions_lookaheads/regular_expressions_lookaheads.md target=_blank> Regular Expressions: Lookaheads </a>","0, Not Started | 1, Started | 2, Done!",,,,,,,,RV,,,,"@IF([current-instance]=1,@DEFAULT='0', @SETVALUE='[begonia_regular_expressions_lookaheads:value][last-instance]')."
begonia_intro_to_nhst,begonia_pathway,Statistics ,radio,"<a href=https://liascript.github.io/course/?https://raw.githubusercontent.com/arcus/education_modules/main/intro_to_nhst/intro_to_nhst.md target=_blank> Introduction to Null Hypothesis Significance Testing </a>","0, Not Started | 1, Started | 2, Done!",,,,,,,,RV,,,,"@IF([current-instance]=1,@DEFAULT='0', @SETVALUE='[begonia_intro_to_nhst:value][last-instance]')."
begonia_statistical_tests,begonia_pathway,,radio,"<a href=https://liascript.github.io/course/?https://raw.githubusercontent.com/arcus/education_modules/main/statistical_tests/statistical_tests.md target=_blank> Statistical Tests in Open Source Software </a>","0, Not Started | 1, Started | 2, Done!",,,,,,,,RV,,,,"@IF([current-instance]=1,@DEFAULT='0', @SETVALUE='[begonia_statistical_tests:value][last-instance]')."
begonia_complete,begonia,,calc,Will show 2 if pathway is complete:,"min([begonia_reproducibility][current-instance],[begonia_learning_to_learn][current-instance],[begonia_how_to_troubleshoot][current-instance],[begonia_demystifying_machine_learning][current-instance],[begonia_bias_variance_tradeoff][current-instance],[begonia_demystifying_large_language_models][current-instance],[begonia_r_basics_introduction][current-instance],[begonia_r_basics_visualize_data][current-instance],[begonia_r_basics_transform_data][current-instance],[begonia_r_missing_values][current-instance],[begonia_r_reshape_long_wide][current-instance],[begonia_r_summary_stats][current-instance],[begonia_data_visualization_in_ggplot2][current-instance],[begonia_r_practice][current-instance],[begonia_demystifying_regular_expressions][current-instance],[begonia_regular_expressions_basics][current-instance],[begonia_regular_expressions_groups][current-instance],[begonia_regular_expressions_boundaries_anchors][current-instance],[begonia_regular_expressions_lookaheads][current-instance],[begonia_intro_to_nhst][current-instance],[begonia_statistical_tests][current-instance])",,,,,,,,,,,,"@HIDDEN-SURVEY"
