Variable / Field Name,Form Name,Section Header,Field Type,Field Label,"Choices, Calculations, OR Slider Labels",Field Note,Text Validation Type OR Show Slider Number,Text Validation Min,Text Validation Max,Identifier?,Branching Logic (Show field only if...),Required Field?,Custom Alignment,Question Number (surveys only),Matrix Group Name,Matrix Ranking?,Field Annotation
iris_reproducibility,iris_pathway,Welcome,radio,"<a href=https://liascript.github.io/course/?https://raw.githubusercontent.com/arcus/education_modules/main/reproducibility/reproducibility.md target=_blank> Reproducibility, Generalizability, and Reuse </a>","0, Not Started | 1, Started | 2, Done!",,,,,,,,RV,,,,"@IF([current-instance]=1,@DEFAULT='0', @SETVALUE='[iris_reproducibility:value][last-instance]')."
iris_demystifying_sql,iris_pathway,Databases ,radio,"<a href=https://liascript.github.io/course/?https://raw.githubusercontent.com/arcus/education_modules/main/demystifying_sql/demystifying_sql.md target=_blank> Demystifying SQL </a>","0, Not Started | 1, Started | 2, Done!",,,,,,,,RV,,,,"@IF([current-instance]=1,@DEFAULT='0', @SETVALUE='[iris_demystifying_sql:value][last-instance]')."
iris_sql_basics,iris_pathway,,radio,"<a href=https://liascript.github.io/course/?https://raw.githubusercontent.com/arcus/education_modules/main/sql_basics/sql_basics.md target=_blank> SQL Basics </a>","0, Not Started | 1, Started | 2, Done!",,,,,,,,RV,,,,"@IF([current-instance]=1,@DEFAULT='0', @SETVALUE='[iris_sql_basics:value][last-instance]')."
iris_sql_intermediate,iris_pathway,,radio,"<a href=https://liascript.github.io/course/?https://raw.githubusercontent.com/arcus/education_modules/main/sql_intermediate/sql_intermediate.md target=_blank> SQL, Intermediate Level </a>","0, Not Started | 1, Started | 2, Done!",,,,,,,,RV,,,,"@IF([current-instance]=1,@DEFAULT='0', @SETVALUE='[iris_sql_intermediate:value][last-instance]')."
iris_database_normalization,iris_pathway,,radio,"<a href=https://liascript.github.io/course/?https://raw.githubusercontent.com/arcus/education_modules/main/database_normalization/database_normalization.md target=_blank> Database Normalization </a>","0, Not Started | 1, Started | 2, Done!",,,,,,,,RV,,,,"@IF([current-instance]=1,@DEFAULT='0', @SETVALUE='[iris_database_normalization:value][last-instance]')."
iris_sql_joins,iris_pathway,,radio,"<a href=https://liascript.github.io/course/?https://raw.githubusercontent.com/arcus/education_modules/main/sql_joins/sql_joins.md target=_blank> SQL Joins </a>","0, Not Started | 1, Started | 2, Done!",,,,,,,,RV,,,,"@IF([current-instance]=1,@DEFAULT='0', @SETVALUE='[iris_sql_joins:value][last-instance]')."
iris_demystifying_python,iris_pathway,Using Python for Data Analysis,radio,"<a href=https://liascript.github.io/course/?https://raw.githubusercontent.com/arcus/education_modules/main/demystifying_python/demystifying_python.md target=_blank> Demystifying Python </a>","0, Not Started | 1, Started | 2, Done!",,,,,,,,RV,,,,"@IF([current-instance]=1,@DEFAULT='0', @SETVALUE='[iris_demystifying_python:value][last-instance]')."
iris_python_basics_variables_functions_methods,iris_pathway,,radio,"<a href=https://liascript.github.io/course/?https://raw.githubusercontent.com/arcus/education_modules/main/python_basics_variables_functions_methods/python_basics_variables_functions_methods.md target=_blank> Python Basics: Variables, Functions, and Methods </a>","0, Not Started | 1, Started | 2, Done!",,,,,,,,RV,,,,"@IF([current-instance]=1,@DEFAULT='0', @SETVALUE='[iris_python_basics_variables_functions_methods:value][last-instance]')."
iris_python_basics_lists_dictionaries,iris_pathway,,radio,"<a href=https://liascript.github.io/course/?https://raw.githubusercontent.com/arcus/education_modules/main/python_basics_lists_dictionaries/python_basics_lists_dictionaries.md target=_blank> Python Basics: Lists and Dictionaries </a>","0, Not Started | 1, Started | 2, Done!",,,,,,,,RV,,,,"@IF([current-instance]=1,@DEFAULT='0', @SETVALUE='[iris_python_basics_lists_dictionaries:value][last-instance]')."
iris_python_basics_loops_conditionals,iris_pathway,,radio,"<a href=https://liascript.github.io/course/?https://raw.githubusercontent.com/arcus/education_modules/main/python_basics_loops_conditionals/python_basics_loops_conditionals.md target=_blank> Python Basics: Loops and Conditionals </a>","0, Not Started | 1, Started | 2, Done!",,,,,,,,RV,,,,"@IF([current-instance]=1,@DEFAULT='0', @SETVALUE='[iris_python_basics_loops_conditionals:value][last-instance]')."
iris_python_basics_exercise,iris_pathway,,radio,"<a href=https://liascript.github.io/course/?https://raw.githubusercontent.com/arcus/education_modules/main/python_basics_exercise/python_basics_exercise.md target=_blank> Python Basics: Exercise </a>","0, Not Started | 1, Started | 2, Done!",,,,,,,,RV,,,,"@IF([current-instance]=1,@DEFAULT='0', @SETVALUE='[iris_python_basics_exercise:value][last-instance]')."
iris_pandas_transform,iris_pathway,,radio,"<a href=https://liascript.github.io/course/?https://raw.githubusercontent.com/arcus/education_modules/main/pandas_transform/pandas_transform.md target=_blank> Transform Data with pandas </a>","0, Not Started | 1, Started | 2, Done!",,,,,,,,RV,,,,"@IF([current-instance]=1,@DEFAULT='0', @SETVALUE='[iris_pandas_transform:value][last-instance]')."
iris_data_visualization_in_seaborn,iris_pathway,,radio,"<a href=https://liascript.github.io/course/?https://raw.githubusercontent.com/arcus/education_modules/main/data_visualization_in_seaborn/data_visualization_in_seaborn.md target=_blank> Data Visualization in seaborn </a>","0, Not Started | 1, Started | 2, Done!",,,,,,,,RV,,,,"@IF([current-instance]=1,@DEFAULT='0', @SETVALUE='[iris_data_visualization_in_seaborn:value][last-instance]')."
iris_python_practice,iris_pathway,,radio,"<a href=https://liascript.github.io/course/?https://raw.githubusercontent.com/arcus/education_modules/main/python_practice/python_practice.md target=_blank> Python Practice </a>","0, Not Started | 1, Started | 2, Done!",,,,,,,,RV,,,,"@IF([current-instance]=1,@DEFAULT='0', @SETVALUE='[iris_python_practice:value][last-instance]')."
iris_statistical_tests,iris_pathway,Statistics and Machine Learning,radio,"<a href=https://liascript.github.io/course/?https://raw.githubusercontent.com/arcus/education_modules/main/statistical_tests/statistical_tests.md target=_blank> Statistical Tests in Open Source Software </a>","0, Not Started | 1, Started | 2, Done!",,,,,,,,RV,,,,"@IF([current-instance]=1,@DEFAULT='0', @SETVALUE='[iris_statistical_tests:value][last-instance]')."
iris_demystifying_machine_learning,iris_pathway,,radio,"<a href=https://liascript.github.io/course/?https://raw.githubusercontent.com/arcus/education_modules/main/demystifying_machine_learning/demystifying_machine_learning.md target=_blank> Demystifying Machine Learning </a>","0, Not Started | 1, Started | 2, Done!",,,,,,,,RV,,,,"@IF([current-instance]=1,@DEFAULT='0', @SETVALUE='[iris_demystifying_machine_learning:value][last-instance]')."
iris_bias_variance_tradeoff,iris_pathway,,radio,"<a href=https://liascript.github.io/course/?https://raw.githubusercontent.com/arcus/education_modules/main/bias_variance_tradeoff/bias_variance_tradeoff.md target=_blank> Understanding the Bias-Variance Tradeoff </a>","0, Not Started | 1, Started | 2, Done!",,,,,,,,RV,,,,"@IF([current-instance]=1,@DEFAULT='0', @SETVALUE='[iris_bias_variance_tradeoff:value][last-instance]')."
iris_intro_to_nhst,iris_pathway,,radio,"<a href=https://liascript.github.io/course/?https://raw.githubusercontent.com/arcus/education_modules/main/intro_to_nhst/intro_to_nhst.md target=_blank> Introduction to Null Hypothesis Significance Testing </a>","0, Not Started | 1, Started | 2, Done!",,,,,,,,RV,,,,"@IF([current-instance]=1,@DEFAULT='0', @SETVALUE='[iris_intro_to_nhst:value][last-instance]')."
iris_data_management_basics,iris_pathway,Reproducibility Practices ,radio,"<a href=https://liascript.github.io/course/?https://raw.githubusercontent.com/arcus/education_modules/main/data_management_basics/data_management_basics.md target=_blank> Research Data Management Basics </a>","0, Not Started | 1, Started | 2, Done!",,,,,,,,RV,,,,"@IF([current-instance]=1,@DEFAULT='0', @SETVALUE='[iris_data_management_basics:value][last-instance]')."
iris_demystifying_containers,iris_pathway,,radio,"<a href=https://liascript.github.io/course/?https://raw.githubusercontent.com/arcus/education_modules/main/demystifying_containers/demystifying_containers.md target=_blank> Demystifying Containers </a>","0, Not Started | 1, Started | 2, Done!",,,,,,,,RV,,,,"@IF([current-instance]=1,@DEFAULT='0', @SETVALUE='[iris_demystifying_containers:value][last-instance]')."
iris_docker_101,iris_pathway,,radio,"<a href=https://liascript.github.io/course/?https://raw.githubusercontent.com/arcus/education_modules/main/docker_101/docker_101.md target=_blank> Getting Started with Docker for Research </a>","0, Not Started | 1, Started | 2, Done!",,,,,,,,RV,,,,"@IF([current-instance]=1,@DEFAULT='0', @SETVALUE='[iris_docker_101:value][last-instance]')."
iris_tidy_data,iris_pathway,,radio,"<a href=https://liascript.github.io/course/?https://raw.githubusercontent.com/arcus/education_modules/main/tidy_data/tidy_data.md target=_blank> Tidy Data </a>","0, Not Started | 1, Started | 2, Done!",,,,,,,,RV,,,,"@IF([current-instance]=1,@DEFAULT='0', @SETVALUE='[iris_tidy_data:value][last-instance]')."
iris_git_intro,iris_pathway,Learn git,radio,"<a href=https://liascript.github.io/course/?https://raw.githubusercontent.com/arcus/education_modules/main/git_intro/git_intro.md target=_blank> Intro to Version Control </a>","0, Not Started | 1, Started | 2, Done!",,,,,,,,RV,,,,"@IF([current-instance]=1,@DEFAULT='0', @SETVALUE='[iris_git_intro:value][last-instance]')."
iris_git_setup_mac_and_linux,iris_pathway,,radio,"<a href=https://liascript.github.io/course/?https://raw.githubusercontent.com/arcus/education_modules/main/git_setup_mac_and_linux/git_setup_mac_and_linux.md target=_blank> Setting Up Git on Mac and Linux </a>","0, Not Started | 1, Started | 2, Done!",,,,,,,,RV,,,,"@IF([current-instance]=1,@DEFAULT='0', @SETVALUE='[iris_git_setup_mac_and_linux:value][last-instance]')."
iris_git_setup_windows,iris_pathway,,radio,"<a href=https://liascript.github.io/course/?https://raw.githubusercontent.com/arcus/education_modules/main/git_setup_windows/git_setup_windows.md target=_blank> Setting Up Git on Windows </a>","0, Not Started | 1, Started | 2, Done!",,,,,,,,RV,,,,"@IF([current-instance]=1,@DEFAULT='0', @SETVALUE='[iris_git_setup_windows:value][last-instance]')."
iris_bash_command_line_101,iris_pathway,,radio,"<a href=https://liascript.github.io/course/?https://raw.githubusercontent.com/arcus/education_modules/main/bash_command_line_101/bash_command_line_101.md target=_blank> Bash / Command Line 101 </a>","0, Not Started | 1, Started | 2, Done!",,,,,,,,RV,,,,"@IF([current-instance]=1,@DEFAULT='0', @SETVALUE='[iris_bash_command_line_101:value][last-instance]')."
iris_git_creation_and_tracking,iris_pathway,,radio,"<a href=https://liascript.github.io/course/?https://raw.githubusercontent.com/arcus/education_modules/main/git_creation_and_tracking/git_creation_and_tracking.md target=_blank> Creating a Git Repository </a>","0, Not Started | 1, Started | 2, Done!",,,,,,,,RV,,,,"@IF([current-instance]=1,@DEFAULT='0', @SETVALUE='[iris_git_creation_and_tracking:value][last-instance]')."
iris_git_history_of_project,iris_pathway,,radio,"<a href=https://liascript.github.io/course/?https://raw.githubusercontent.com/arcus/education_modules/main/git_history_of_project/git_history_of_project.md target=_blank> Exploring the History of your Git Repository </a>","0, Not Started | 1, Started | 2, Done!",,,,,,,,RV,,,,"@IF([current-instance]=1,@DEFAULT='0', @SETVALUE='[iris_git_history_of_project:value][last-instance]')."
iris_complete,iris,,calc,Will show 2 if pathway is complete:,"min([iris_reproducibility][current-instance],[iris_demystifying_sql][current-instance],[iris_sql_basics][current-instance],[iris_sql_intermediate][current-instance],[iris_database_normalization][current-instance],[iris_sql_joins][current-instance],[iris_demystifying_python][current-instance],[iris_python_basics_variables_functions_methods][current-instance],[iris_python_basics_lists_dictionaries][current-instance],[iris_python_basics_loops_conditionals][current-instance],[iris_python_basics_exercise][current-instance],[iris_pandas_transform][current-instance],[iris_data_visualization_in_seaborn][current-instance],[iris_python_practice][current-instance],[iris_statistical_tests][current-instance],[iris_demystifying_machine_learning][current-instance],[iris_bias_variance_tradeoff][current-instance],[iris_intro_to_nhst][current-instance],[iris_data_management_basics][current-instance],[iris_demystifying_containers][current-instance],[iris_docker_101][current-instance],[iris_tidy_data][current-instance],[iris_git_intro][current-instance],[iris_git_setup_mac_and_linux][current-instance],[iris_git_setup_windows][current-instance],[iris_bash_command_line_101][current-instance],[iris_git_creation_and_tracking][current-instance],[iris_git_history_of_project][current-instance])",,,,,,,,,,,,"@HIDDEN-SURVEY"
