Variable / Field Name,Form Name,Section Header,Field Type,Field Label,"Choices, Calculations, OR Slider Labels",Field Note,Text Validation Type OR Show Slider Number,Text Validation Min,Text Validation Max,Identifier?,Branching Logic (Show field only if...),Required Field?,Custom Alignment,Question Number (surveys only),Matrix Group Name,Matrix Ranking?,Field Annotation
lilac_reproducibility,lilac_pathway,Welcome,radio,"<a href=https://liascript.github.io/course/?https://raw.githubusercontent.com/arcus/education_modules/main/reproducibility/reproducibility.md target=_blank> Reproducibility, Generalizability, and Reuse </a>","0, Not Started | 1, Started | 2, Done!",,,,,,,,RV,,,,"@IF([current-instance]=1,@DEFAULT='0', @SETVALUE='[lilac_reproducibility:value][last-instance]')."
lilac_r_basics_visualize_data,lilac_pathway,Learn R ,radio,"<a href=https://liascript.github.io/course/?https://raw.githubusercontent.com/arcus/education_modules/main/r_basics_visualize_data/r_basics_visualize_data.md target=_blank> R Basics: Visualizing Data With ggplot2 </a>","0, Not Started | 1, Started | 2, Done!",,,,,,,,RV,,,,"@IF([current-instance]=1,@DEFAULT='0', @SETVALUE='[lilac_r_basics_visualize_data:value][last-instance]')."
lilac_r_basics_transform_data,lilac_pathway,,radio,"<a href=https://liascript.github.io/course/?https://raw.githubusercontent.com/arcus/education_modules/main/r_basics_transform_data/r_basics_transform_data.md target=_blank> R Basics: Transforming Data With dplyr </a>","0, Not Started | 1, Started | 2, Done!",,,,,,,,RV,,,,"@IF([current-instance]=1,@DEFAULT='0', @SETVALUE='[lilac_r_basics_transform_data:value][last-instance]')."
lilac_r_missing_values,lilac_pathway,,radio,"<a href=https://liascript.github.io/course/?https://raw.githubusercontent.com/arcus/education_modules/main/r_missing_values/r_missing_values.md target=_blank> Missing Values in R </a>","0, Not Started | 1, Started | 2, Done!",,,,,,,,RV,,,,"@IF([current-instance]=1,@DEFAULT='0', @SETVALUE='[lilac_r_missing_values:value][last-instance]')."
lilac_tidy_data,lilac_pathway,,radio,"<a href=https://liascript.github.io/course/?https://raw.githubusercontent.com/arcus/education_modules/main/tidy_data/tidy_data.md target=_blank> Tidy Data </a>","0, Not Started | 1, Started | 2, Done!",,,,,,,,RV,,,,"@IF([current-instance]=1,@DEFAULT='0', @SETVALUE='[lilac_tidy_data:value][last-instance]')."
lilac_r_reshape_long_wide,lilac_pathway,,radio,"<a href=https://liascript.github.io/course/?https://raw.githubusercontent.com/arcus/education_modules/main/r_reshape_long_wide/r_reshape_long_wide.md target=_blank> Reshaping Data in R: Long and Wide Data </a>","0, Not Started | 1, Started | 2, Done!",,,,,,,,RV,,,,"@IF([current-instance]=1,@DEFAULT='0', @SETVALUE='[lilac_r_reshape_long_wide:value][last-instance]')."
lilac_data_visualization_in_ggplot2,lilac_pathway,,radio,"<a href=https://liascript.github.io/course/?https://raw.githubusercontent.com/arcus/education_modules/main/data_visualization_in_ggplot2/data_visualization_in_ggplot2.md target=_blank> Data Visualization in ggplot2 </a>","0, Not Started | 1, Started | 2, Done!",,,,,,,,RV,,,,"@IF([current-instance]=1,@DEFAULT='0', @SETVALUE='[lilac_data_visualization_in_ggplot2:value][last-instance]')."
lilac_r_summary_stats,lilac_pathway,,radio,"<a href=https://liascript.github.io/course/?https://raw.githubusercontent.com/arcus/education_modules/main/r_summary_stats/r_summary_stats.md target=_blank> Summary Statistics in R </a>","0, Not Started | 1, Started | 2, Done!",,,,,,,,RV,,,,"@IF([current-instance]=1,@DEFAULT='0', @SETVALUE='[lilac_r_summary_stats:value][last-instance]')."
lilac_r_practice,lilac_pathway,,radio,"<a href=https://liascript.github.io/course/?https://raw.githubusercontent.com/arcus/education_modules/main/r_practice/r_practice.md target=_blank> R Practice </a>","0, Not Started | 1, Started | 2, Done!",,,,,,,,RV,,,,"@IF([current-instance]=1,@DEFAULT='0', @SETVALUE='[lilac_r_practice:value][last-instance]')."
lilac_git_intro,lilac_pathway,Learn git,radio,"<a href=https://liascript.github.io/course/?https://raw.githubusercontent.com/arcus/education_modules/main/git_intro/git_intro.md target=_blank> Intro to Version Control </a>","0, Not Started | 1, Started | 2, Done!",,,,,,,,RV,,,,"@IF([current-instance]=1,@DEFAULT='0', @SETVALUE='[lilac_git_intro:value][last-instance]')."
lilac_git_setup_mac_and_linux,lilac_pathway,,radio,"<a href=https://liascript.github.io/course/?https://raw.githubusercontent.com/arcus/education_modules/main/git_setup_mac_and_linux/git_setup_mac_and_linux.md target=_blank> Setting Up Git on Mac and Linux </a>","0, Not Started | 1, Started | 2, Done!",,,,,,,,RV,,,,"@IF([current-instance]=1,@DEFAULT='0', @SETVALUE='[lilac_git_setup_mac_and_linux:value][last-instance]')."
lilac_git_setup_windows,lilac_pathway,,radio,"<a href=https://liascript.github.io/course/?https://raw.githubusercontent.com/arcus/education_modules/main/git_setup_windows/git_setup_windows.md target=_blank> Setting Up Git on Windows </a>","0, Not Started | 1, Started | 2, Done!",,,,,,,,RV,,,,"@IF([current-instance]=1,@DEFAULT='0', @SETVALUE='[lilac_git_setup_windows:value][last-instance]')."
lilac_bash_command_line_101,lilac_pathway,,radio,"<a href=https://liascript.github.io/course/?https://raw.githubusercontent.com/arcus/education_modules/main/bash_command_line_101/bash_command_line_101.md target=_blank> Bash / Command Line 101 </a>","0, Not Started | 1, Started | 2, Done!",,,,,,,,RV,,,,"@IF([current-instance]=1,@DEFAULT='0', @SETVALUE='[lilac_bash_command_line_101:value][last-instance]')."
lilac_git_creation_and_tracking,lilac_pathway,,radio,"<a href=https://liascript.github.io/course/?https://raw.githubusercontent.com/arcus/education_modules/main/git_creation_and_tracking/git_creation_and_tracking.md target=_blank> Creating a Git Repository </a>","0, Not Started | 1, Started | 2, Done!",,,,,,,,RV,,,,"@IF([current-instance]=1,@DEFAULT='0', @SETVALUE='[lilac_git_creation_and_tracking:value][last-instance]')."
lilac_git_history_of_project,lilac_pathway,,radio,"<a href=https://liascript.github.io/course/?https://raw.githubusercontent.com/arcus/education_modules/main/git_history_of_project/git_history_of_project.md target=_blank> Exploring the History of your Git Repository </a>","0, Not Started | 1, Started | 2, Done!",,,,,,,,RV,,,,"@IF([current-instance]=1,@DEFAULT='0', @SETVALUE='[lilac_git_history_of_project:value][last-instance]')."
lilac_demystifying_containers,lilac_pathway,Containers for Reproducible Research ,radio,"<a href=https://liascript.github.io/course/?https://raw.githubusercontent.com/arcus/education_modules/main/demystifying_containers/demystifying_containers.md target=_blank> Demystifying Containers </a>","0, Not Started | 1, Started | 2, Done!",,,,,,,,RV,,,,"@IF([current-instance]=1,@DEFAULT='0', @SETVALUE='[lilac_demystifying_containers:value][last-instance]')."
lilac_docker_101,lilac_pathway,,radio,"<a href=https://liascript.github.io/course/?https://raw.githubusercontent.com/arcus/education_modules/main/docker_101/docker_101.md target=_blank> Getting Started with Docker for Research </a>","0, Not Started | 1, Started | 2, Done!",,,,,,,,RV,,,,"@IF([current-instance]=1,@DEFAULT='0', @SETVALUE='[lilac_docker_101:value][last-instance]')."
lilac_demystifying_regular_expressions,lilac_pathway,Text Patterns ,radio,"<a href=https://liascript.github.io/course/?https://raw.githubusercontent.com/arcus/education_modules/main/demystifying_regular_expressions/demystifying_regular_expressions.md target=_blank> Demystifying Regular Expressions </a>","0, Not Started | 1, Started | 2, Done!",,,,,,,,RV,,,,"@IF([current-instance]=1,@DEFAULT='0', @SETVALUE='[lilac_demystifying_regular_expressions:value][last-instance]')."
lilac_regular_expressions_basics,lilac_pathway,,radio,"<a href=https://liascript.github.io/course/?https://raw.githubusercontent.com/arcus/education_modules/main/regular_expressions_basics/regular_expressions_basics.md target=_blank> Regular Expressions Basics </a>","0, Not Started | 1, Started | 2, Done!",,,,,,,,RV,,,,"@IF([current-instance]=1,@DEFAULT='0', @SETVALUE='[lilac_regular_expressions_basics:value][last-instance]')."
lilac_regular_expressions_groups,lilac_pathway,,radio,"<a href=https://liascript.github.io/course/?https://raw.githubusercontent.com/arcus/education_modules/main/regular_expressions_groups/regular_expressions_groups.md target=_blank> Regular Expressions: Groups </a>","0, Not Started | 1, Started | 2, Done!",,,,,,,,RV,,,,"@IF([current-instance]=1,@DEFAULT='0', @SETVALUE='[lilac_regular_expressions_groups:value][last-instance]')."
lilac_regular_expressions_boundaries_anchors,lilac_pathway,,radio,"<a href=https://liascript.github.io/course/?https://raw.githubusercontent.com/arcus/education_modules/main/regular_expressions_boundaries_anchors/regular_expressions_boundaries_anchors.md target=_blank> Regular Expressions: Flags, Anchors, and Boundaries </a>","0, Not Started | 1, Started | 2, Done!",,,,,,,,RV,,,,"@IF([current-instance]=1,@DEFAULT='0', @SETVALUE='[lilac_regular_expressions_boundaries_anchors:value][last-instance]')."
lilac_regular_expressions_lookaheads,lilac_pathway,,radio,"<a href=https://liascript.github.io/course/?https://raw.githubusercontent.com/arcus/education_modules/main/regular_expressions_lookaheads/regular_expressions_lookaheads.md target=_blank> Regular Expressions: Lookaheads </a>","0, Not Started | 1, Started | 2, Done!",,,,,,,,RV,,,,"@IF([current-instance]=1,@DEFAULT='0', @SETVALUE='[lilac_regular_expressions_lookaheads:value][last-instance]')."
lilac_demystifying_large_language_models,lilac_pathway,More to Explore,radio,"<a href=https://liascript.github.io/course/?https://raw.githubusercontent.com/arcus/education_modules/main/demystifying_large_language_models/demystifying_large_language_models.md target=_blank> Demystifying Large Language Models </a>","0, Not Started | 1, Started | 2, Done!",,,,,,,,RV,,,,"@IF([current-instance]=1,@DEFAULT='0', @SETVALUE='[lilac_demystifying_large_language_models:value][last-instance]')."
lilac_citizen_science,lilac_pathway,,radio,"<a href=https://liascript.github.io/course/?https://raw.githubusercontent.com/arcus/education_modules/main/citizen_science/citizen_science.md target=_blank> Citizen Science </a>","0, Not Started | 1, Started | 2, Done!",,,,,,,,RV,,,,"@IF([current-instance]=1,@DEFAULT='0', @SETVALUE='[lilac_citizen_science:value][last-instance]')."
lilac_demystifying_geospatial_data,lilac_pathway,,radio,"<a href=https://liascript.github.io/course/?https://raw.githubusercontent.com/arcus/education_modules/main/demystifying_geospatial_data/demystifying_geospatial_data.md target=_blank> Demystifying Geospatial Data </a>","0, Not Started | 1, Started | 2, Done!",,,,,,,,RV,,,,"@IF([current-instance]=1,@DEFAULT='0', @SETVALUE='[lilac_demystifying_geospatial_data:value][last-instance]')."
lilac_complete,lilac,,calc,Will show 2 if pathway is complete:,"min([lilac_reproducibility][current-instance],[lilac_r_basics_visualize_data][current-instance],[lilac_r_basics_transform_data][current-instance],[lilac_r_missing_values][current-instance],[lilac_tidy_data][current-instance],[lilac_r_reshape_long_wide][current-instance],[lilac_data_visualization_in_ggplot2][current-instance],[lilac_r_summary_stats][current-instance],[lilac_r_practice][current-instance],[lilac_git_intro][current-instance],[lilac_git_setup_mac_and_linux][current-instance],[lilac_git_setup_windows][current-instance],[lilac_bash_command_line_101][current-instance],[lilac_git_creation_and_tracking][current-instance],[lilac_git_history_of_project][current-instance],[lilac_demystifying_containers][current-instance],[lilac_docker_101][current-instance],[lilac_demystifying_regular_expressions][current-instance],[lilac_regular_expressions_basics][current-instance],[lilac_regular_expressions_groups][current-instance],[lilac_regular_expressions_boundaries_anchors][current-instance],[lilac_regular_expressions_lookaheads][current-instance],[lilac_demystifying_large_language_models][current-instance],[lilac_citizen_science][current-instance],[lilac_demystifying_geospatial_data][current-instance])",,,,,,,,,,,,"@HIDDEN-SURVEY"
