Variable / Field Name,Form Name,Section Header,Field Type,Field Label,"Choices, Calculations, OR Slider Labels",Field Note,Text Validation Type OR Show Slider Number,Text Validation Min,Text Validation Max,Identifier?,Branching Logic (Show field only if...),Required Field?,Custom Alignment,Question Number (surveys only),Matrix Group Name,Matrix Ranking?,Field Annotation
crocus_reproducibility,crocus_pathway,Welcome,radio,"<a href=https://liascript.github.io/course/?https://raw.githubusercontent.com/arcus/education_modules/main/reproducibility/reproducibility.md target=_blank> Reproducibility, Generalizability, and Reuse </a>","0, Not Started | 1, Started | 2, Done!",,,,,,,,RV,,,,"@IF([current-instance]=1,@DEFAULT='0', @SETVALUE='[crocus_reproducibility:value][last-instance]')."
crocus_data_management_basics,crocus_pathway,Reproducibility Practices,radio,"<a href=https://liascript.github.io/course/?https://raw.githubusercontent.com/arcus/education_modules/main/data_management_basics/data_management_basics.md target=_blank> Research Data Management Basics </a>","0, Not Started | 1, Started | 2, Done!",,,,,,,,RV,,,,"@IF([current-instance]=1,@DEFAULT='0', @SETVALUE='[crocus_data_management_basics:value][last-instance]')."
crocus_git_intro,crocus_pathway,,radio,"<a href=https://liascript.github.io/course/?https://raw.githubusercontent.com/arcus/education_modules/main/git_intro/git_intro.md target=_blank> Intro to Version Control </a>","0, Not Started | 1, Started | 2, Done!",,,,,,,,RV,,,,"@IF([current-instance]=1,@DEFAULT='0', @SETVALUE='[crocus_git_intro:value][last-instance]')."
crocus_demystifying_containers,crocus_pathway,,radio,"<a href=https://liascript.github.io/course/?https://raw.githubusercontent.com/arcus/education_modules/main/demystifying_containers/demystifying_containers.md target=_blank> Demystifying Containers </a>","0, Not Started | 1, Started | 2, Done!",,,,,,,,RV,,,,"@IF([current-instance]=1,@DEFAULT='0', @SETVALUE='[crocus_demystifying_containers:value][last-instance]')."
crocus_docker_101,crocus_pathway,,radio,"<a href=https://liascript.github.io/course/?https://raw.githubusercontent.com/arcus/education_modules/main/docker_101/docker_101.md target=_blank> Getting Started with Docker for Research </a>","0, Not Started | 1, Started | 2, Done!",,,,,,,,RV,,,,"@IF([current-instance]=1,@DEFAULT='0', @SETVALUE='[crocus_docker_101:value][last-instance]')."
crocus_tidy_data,crocus_pathway,,radio,"<a href=https://liascript.github.io/course/?https://raw.githubusercontent.com/arcus/education_modules/main/tidy_data/tidy_data.md target=_blank> Tidy Data </a>","0, Not Started | 1, Started | 2, Done!",,,,,,,,RV,,,,"@IF([current-instance]=1,@DEFAULT='0', @SETVALUE='[crocus_tidy_data:value][last-instance]')."
crocus_intro_to_nhst,crocus_pathway,Statistics,radio,"<a href=https://liascript.github.io/course/?https://raw.githubusercontent.com/arcus/education_modules/main/intro_to_nhst/intro_to_nhst.md target=_blank> Introduction to Null Hypothesis Significance Testing </a>","0, Not Started | 1, Started | 2, Done!",,,,,,,,RV,,,,"@IF([current-instance]=1,@DEFAULT='0', @SETVALUE='[crocus_intro_to_nhst:value][last-instance]')."
crocus_statistical_tests,crocus_pathway,,radio,"<a href=https://liascript.github.io/course/?https://raw.githubusercontent.com/arcus/education_modules/main/statistical_tests/statistical_tests.md target=_blank> Statistical Tests in Open Source Software </a>","0, Not Started | 1, Started | 2, Done!",,,,,,,,RV,,,,"@IF([current-instance]=1,@DEFAULT='0', @SETVALUE='[crocus_statistical_tests:value][last-instance]')."
crocus_omics_orientation,crocus_pathway,Getting Started with Genomics,radio,"<a href=https://liascript.github.io/course/?https://raw.githubusercontent.com/arcus/education_modules/main/omics_orientation/omics_orientation.md target=_blank> Omics Orientation </a>","0, Not Started | 1, Started | 2, Done!",,,,,,,,RV,,,,"@IF([current-instance]=1,@DEFAULT='0', @SETVALUE='[crocus_omics_orientation:value][last-instance]')."
crocus_bash_command_line_101,crocus_pathway,,radio,"<a href=https://liascript.github.io/course/?https://raw.githubusercontent.com/arcus/education_modules/main/bash_command_line_101/bash_command_line_101.md target=_blank> Bash / Command Line 101 </a>","0, Not Started | 1, Started | 2, Done!",,,,,,,,RV,,,,"@IF([current-instance]=1,@DEFAULT='0', @SETVALUE='[crocus_bash_command_line_101:value][last-instance]')."
crocus_bash_command_line_102,crocus_pathway,,radio,"<a href=https://liascript.github.io/course/?https://raw.githubusercontent.com/arcus/education_modules/main/bash_command_line_102/bash_command_line_102.md target=_blank> Bash: Searching and Organizing Files </a>","0, Not Started | 1, Started | 2, Done!",,,,,,,,RV,,,,"@IF([current-instance]=1,@DEFAULT='0', @SETVALUE='[crocus_bash_command_line_102:value][last-instance]')."
crocus_bash_103_combining_commands,crocus_pathway,,radio,"<a href=https://liascript.github.io/course/?https://raw.githubusercontent.com/arcus/education_modules/main/bash_103_combining_commands/bash_103_combining_commands.md target=_blank> Bash: Combining Commands </a>","0, Not Started | 1, Started | 2, Done!",,,,,,,,RV,,,,"@IF([current-instance]=1,@DEFAULT='0', @SETVALUE='[crocus_bash_103_combining_commands:value][last-instance]')."
crocus_bash_conditionals_loops,crocus_pathway,,radio,"<a href=https://liascript.github.io/course/?https://raw.githubusercontent.com/arcus/education_modules/main/bash_conditionals_loops/bash_conditionals_loops.md target=_blank> Bash: Conditionals and Loops </a>","0, Not Started | 1, Started | 2, Done!",,,,,,,,RV,,,,"@IF([current-instance]=1,@DEFAULT='0', @SETVALUE='[crocus_bash_conditionals_loops:value][last-instance]')."
crocus_bash_scripts,crocus_pathway,,radio,"<a href=https://liascript.github.io/course/?https://raw.githubusercontent.com/arcus/education_modules/main/bash_scripts/bash_scripts.md target=_blank> Bash: Reusable Scripts </a>","0, Not Started | 1, Started | 2, Done!",,,,,,,,RV,,,,"@IF([current-instance]=1,@DEFAULT='0', @SETVALUE='[crocus_bash_scripts:value][last-instance]')."
crocus_genomics_setup,crocus_pathway,,radio,"<a href=https://liascript.github.io/course/?https://raw.githubusercontent.com/arcus/education_modules/main/genomics_setup/genomics_setup.md target=_blank> Genomics Tools and Methods: Computing Setup </a>","0, Not Started | 1, Started | 2, Done!",,,,,,,,RV,,,,"@IF([current-instance]=1,@DEFAULT='0', @SETVALUE='[crocus_genomics_setup:value][last-instance]')."
crocus_genomics_quality_control,crocus_pathway,,radio,"<a href=https://liascript.github.io/course/?https://raw.githubusercontent.com/arcus/education_modules/main/genomics_quality_control/genomics_quality_control.md target=_blank> Genomics Tools and Methods: Quality Control </a>","0, Not Started | 1, Started | 2, Done!",,,,,,,,RV,,,,"@IF([current-instance]=1,@DEFAULT='0', @SETVALUE='[crocus_genomics_quality_control:value][last-instance]')."
crocus_demystifying_machine_learning,crocus_pathway,Machine Learning First Steps ,radio,"<a href=https://liascript.github.io/course/?https://raw.githubusercontent.com/arcus/education_modules/main/demystifying_machine_learning/demystifying_machine_learning.md target=_blank> Demystifying Machine Learning </a>","0, Not Started | 1, Started | 2, Done!",,,,,,,,RV,,,,"@IF([current-instance]=1,@DEFAULT='0', @SETVALUE='[crocus_demystifying_machine_learning:value][last-instance]')."
crocus_bias_variance_tradeoff,crocus_pathway,,radio,"<a href=https://liascript.github.io/course/?https://raw.githubusercontent.com/arcus/education_modules/main/bias_variance_tradeoff/bias_variance_tradeoff.md target=_blank> Understanding the Bias-Variance Tradeoff </a>","0, Not Started | 1, Started | 2, Done!",,,,,,,,RV,,,,"@IF([current-instance]=1,@DEFAULT='0', @SETVALUE='[crocus_bias_variance_tradeoff:value][last-instance]')."
crocus_demystifying_large_language_models,crocus_pathway,,radio,"<a href=https://liascript.github.io/course/?https://raw.githubusercontent.com/arcus/education_modules/main/demystifying_large_language_models/demystifying_large_language_models.md target=_blank> Demystifying Large Language Models </a>","0, Not Started | 1, Started | 2, Done!",,,,,,,,RV,,,,"@IF([current-instance]=1,@DEFAULT='0', @SETVALUE='[crocus_demystifying_large_language_models:value][last-instance]')."
crocus_r_missing_values,crocus_pathway,R Coding Topics ,radio,"<a href=https://liascript.github.io/course/?https://raw.githubusercontent.com/arcus/education_modules/main/r_missing_values/r_missing_values.md target=_blank> Missing Values in R </a>","0, Not Started | 1, Started | 2, Done!",,,,,,,,RV,,,,"@IF([current-instance]=1,@DEFAULT='0', @SETVALUE='[crocus_r_missing_values:value][last-instance]')."
crocus_r_reshape_long_wide,crocus_pathway,,radio,"<a href=https://liascript.github.io/course/?https://raw.githubusercontent.com/arcus/education_modules/main/r_reshape_long_wide/r_reshape_long_wide.md target=_blank> Reshaping Data in R: Long and Wide Data </a>","0, Not Started | 1, Started | 2, Done!",,,,,,,,RV,,,,"@IF([current-instance]=1,@DEFAULT='0', @SETVALUE='[crocus_r_reshape_long_wide:value][last-instance]')."
crocus_r_practice,crocus_pathway,,radio,"<a href=https://liascript.github.io/course/?https://raw.githubusercontent.com/arcus/education_modules/main/r_practice/r_practice.md target=_blank> R Practice </a>","0, Not Started | 1, Started | 2, Done!",,,,,,,,RV,,,,"@IF([current-instance]=1,@DEFAULT='0', @SETVALUE='[crocus_r_practice:value][last-instance]')."
crocus_pandas_transform,crocus_pathway,Python Coding Topics ,radio,"<a href=https://liascript.github.io/course/?https://raw.githubusercontent.com/arcus/education_modules/main/pandas_transform/pandas_transform.md target=_blank> Transform Data with pandas </a>","0, Not Started | 1, Started | 2, Done!",,,,,,,,RV,,,,"@IF([current-instance]=1,@DEFAULT='0', @SETVALUE='[crocus_pandas_transform:value][last-instance]')."
crocus_data_visualization_in_seaborn,crocus_pathway,,radio,"<a href=https://liascript.github.io/course/?https://raw.githubusercontent.com/arcus/education_modules/main/data_visualization_in_seaborn/data_visualization_in_seaborn.md target=_blank> Data Visualization in seaborn </a>","0, Not Started | 1, Started | 2, Done!",,,,,,,,RV,,,,"@IF([current-instance]=1,@DEFAULT='0', @SETVALUE='[crocus_data_visualization_in_seaborn:value][last-instance]')."
crocus_python_practice,crocus_pathway,,radio,"<a href=https://liascript.github.io/course/?https://raw.githubusercontent.com/arcus/education_modules/main/python_practice/python_practice.md target=_blank> Python Practice </a>","0, Not Started | 1, Started | 2, Done!",,,,,,,,RV,,,,"@IF([current-instance]=1,@DEFAULT='0', @SETVALUE='[crocus_python_practice:value][last-instance]')."
crocus_complete,crocus,,calc,Will show 2 if pathway is complete:,"min([crocus_reproducibility][current-instance],[crocus_data_management_basics][current-instance],[crocus_git_intro][current-instance],[crocus_demystifying_containers][current-instance],[crocus_docker_101][current-instance],[crocus_tidy_data][current-instance],[crocus_intro_to_nhst][current-instance],[crocus_statistical_tests][current-instance],[crocus_omics_orientation][current-instance],[crocus_bash_command_line_101][current-instance],[crocus_bash_command_line_102][current-instance],[crocus_bash_103_combining_commands][current-instance],[crocus_bash_conditionals_loops][current-instance],[crocus_bash_scripts][current-instance],[crocus_genomics_setup][current-instance],[crocus_genomics_quality_control][current-instance],[crocus_demystifying_machine_learning][current-instance],[crocus_bias_variance_tradeoff][current-instance],[crocus_demystifying_large_language_models][current-instance],[crocus_r_missing_values][current-instance],[crocus_r_reshape_long_wide][current-instance],[crocus_r_practice][current-instance],[crocus_pandas_transform][current-instance],[crocus_data_visualization_in_seaborn][current-instance],[crocus_python_practice][current-instance])",,,,,,,,,,,,"@HIDDEN-SURVEY"
