Variable / Field Name,Form Name,Section Header,Field Type,Field Label,"Choices, Calculations, OR Slider Labels",Field Note,Text Validation Type OR Show Slider Number,Text Validation Min,Text Validation Max,Identifier?,Branching Logic (Show field only if...),Required Field?,Custom Alignment,Question Number (surveys only),Matrix Group Name,Matrix Ranking?,Field Annotation
magnolia_reproducibility,magnolia_pathway,Welcome,radio,"<a href=https://liascript.github.io/course/?https://raw.githubusercontent.com/arcus/education_modules/main/reproducibility/reproducibility.md target=_blank> Reproducibility, Generalizability, and Reuse </a>","0, Not Started | 1, Started | 2, Done!",,,,,,,,RV,,,,"@IF([current-instance]=1,@DEFAULT='0', @SETVALUE='[magnolia_reproducibility:value][last-instance]')."
magnolia_r_basics_introduction,magnolia_pathway,Learn R ,radio,"<a href=https://liascript.github.io/course/?https://raw.githubusercontent.com/arcus/education_modules/main/r_basics_introduction/r_basics_introduction.md target=_blank> R Basics: Introduction </a>","0, Not Started | 1, Started | 2, Done!",,,,,,,,RV,,,,"@IF([current-instance]=1,@DEFAULT='0', @SETVALUE='[magnolia_r_basics_introduction:value][last-instance]')."
magnolia_r_basics_visualize_data,magnolia_pathway,,radio,"<a href=https://liascript.github.io/course/?https://raw.githubusercontent.com/arcus/education_modules/main/r_basics_visualize_data/r_basics_visualize_data.md target=_blank> R Basics: Visualizing Data With ggplot2 </a>","0, Not Started | 1, Started | 2, Done!",,,,,,,,RV,,,,"@IF([current-instance]=1,@DEFAULT='0', @SETVALUE='[magnolia_r_basics_visualize_data:value][last-instance]')."
magnolia_r_basics_transform_data,magnolia_pathway,,radio,"<a href=https://liascript.github.io/course/?https://raw.githubusercontent.com/arcus/education_modules/main/r_basics_transform_data/r_basics_transform_data.md target=_blank> R Basics: Transforming Data With dplyr </a>","0, Not Started | 1, Started | 2, Done!",,,,,,,,RV,,,,"@IF([current-instance]=1,@DEFAULT='0', @SETVALUE='[magnolia_r_basics_transform_data:value][last-instance]')."
magnolia_r_missing_values,magnolia_pathway,,radio,"<a href=https://liascript.github.io/course/?https://raw.githubusercontent.com/arcus/education_modules/main/r_missing_values/r_missing_values.md target=_blank> Missing Values in R </a>","0, Not Started | 1, Started | 2, Done!",,,,,,,,RV,,,,"@IF([current-instance]=1,@DEFAULT='0', @SETVALUE='[magnolia_r_missing_values:value][last-instance]')."
magnolia_tidy_data,magnolia_pathway,,radio,"<a href=https://liascript.github.io/course/?https://raw.githubusercontent.com/arcus/education_modules/main/tidy_data/tidy_data.md target=_blank> Tidy Data </a>","0, Not Started | 1, Started | 2, Done!",,,,,,,,RV,,,,"@IF([current-instance]=1,@DEFAULT='0', @SETVALUE='[magnolia_tidy_data:value][last-instance]')."
magnolia_r_reshape_long_wide,magnolia_pathway,,radio,"<a href=https://liascript.github.io/course/?https://raw.githubusercontent.com/arcus/education_modules/main/r_reshape_long_wide/r_reshape_long_wide.md target=_blank> Reshaping Data in R: Long and Wide Data </a>","0, Not Started | 1, Started | 2, Done!",,,,,,,,RV,,,,"@IF([current-instance]=1,@DEFAULT='0', @SETVALUE='[magnolia_r_reshape_long_wide:value][last-instance]')."
magnolia_r_summary_stats,magnolia_pathway,,radio,"<a href=https://liascript.github.io/course/?https://raw.githubusercontent.com/arcus/education_modules/main/r_summary_stats/r_summary_stats.md target=_blank> Summary Statistics in R </a>","0, Not Started | 1, Started | 2, Done!",,,,,,,,RV,,,,"@IF([current-instance]=1,@DEFAULT='0', @SETVALUE='[magnolia_r_summary_stats:value][last-instance]')."
magnolia_r_practice,magnolia_pathway,,radio,"<a href=https://liascript.github.io/course/?https://raw.githubusercontent.com/arcus/education_modules/main/r_practice/r_practice.md target=_blank> R Practice </a>","0, Not Started | 1, Started | 2, Done!",,,,,,,,RV,,,,"@IF([current-instance]=1,@DEFAULT='0', @SETVALUE='[magnolia_r_practice:value][last-instance]')."
magnolia_intro_to_nhst,magnolia_pathway,Statistics and Machine Learning,radio,"<a href=https://liascript.github.io/course/?https://raw.githubusercontent.com/arcus/education_modules/main/intro_to_nhst/intro_to_nhst.md target=_blank> Introduction to Null Hypothesis Significance Testing </a>","0, Not Started | 1, Started | 2, Done!",,,,,,,,RV,,,,"@IF([current-instance]=1,@DEFAULT='0', @SETVALUE='[magnolia_intro_to_nhst:value][last-instance]')."
magnolia_statistical_tests,magnolia_pathway,,radio,"<a href=https://liascript.github.io/course/?https://raw.githubusercontent.com/arcus/education_modules/main/statistical_tests/statistical_tests.md target=_blank> Statistical Tests in Open Source Software </a>","0, Not Started | 1, Started | 2, Done!",,,,,,,,RV,,,,"@IF([current-instance]=1,@DEFAULT='0', @SETVALUE='[magnolia_statistical_tests:value][last-instance]')."
magnolia_demystifying_machine_learning,magnolia_pathway,,radio,"<a href=https://liascript.github.io/course/?https://raw.githubusercontent.com/arcus/education_modules/main/demystifying_machine_learning/demystifying_machine_learning.md target=_blank> Demystifying Machine Learning </a>","0, Not Started | 1, Started | 2, Done!",,,,,,,,RV,,,,"@IF([current-instance]=1,@DEFAULT='0', @SETVALUE='[magnolia_demystifying_machine_learning:value][last-instance]')."
magnolia_bias_variance_tradeoff,magnolia_pathway,,radio,"<a href=https://liascript.github.io/course/?https://raw.githubusercontent.com/arcus/education_modules/main/bias_variance_tradeoff/bias_variance_tradeoff.md target=_blank> Understanding the Bias-Variance Tradeoff </a>","0, Not Started | 1, Started | 2, Done!",,,,,,,,RV,,,,"@IF([current-instance]=1,@DEFAULT='0', @SETVALUE='[magnolia_bias_variance_tradeoff:value][last-instance]')."
magnolia_demystifying_sql,magnolia_pathway,Databases ,radio,"<a href=https://liascript.github.io/course/?https://raw.githubusercontent.com/arcus/education_modules/main/demystifying_sql/demystifying_sql.md target=_blank> Demystifying SQL </a>","0, Not Started | 1, Started | 2, Done!",,,,,,,,RV,,,,"@IF([current-instance]=1,@DEFAULT='0', @SETVALUE='[magnolia_demystifying_sql:value][last-instance]')."
magnolia_sql_basics,magnolia_pathway,,radio,"<a href=https://liascript.github.io/course/?https://raw.githubusercontent.com/arcus/education_modules/main/sql_basics/sql_basics.md target=_blank> SQL Basics </a>","0, Not Started | 1, Started | 2, Done!",,,,,,,,RV,,,,"@IF([current-instance]=1,@DEFAULT='0', @SETVALUE='[magnolia_sql_basics:value][last-instance]')."
magnolia_sql_intermediate,magnolia_pathway,,radio,"<a href=https://liascript.github.io/course/?https://raw.githubusercontent.com/arcus/education_modules/main/sql_intermediate/sql_intermediate.md target=_blank> SQL, Intermediate Level </a>","0, Not Started | 1, Started | 2, Done!",,,,,,,,RV,,,,"@IF([current-instance]=1,@DEFAULT='0', @SETVALUE='[magnolia_sql_intermediate:value][last-instance]')."
magnolia_database_normalization,magnolia_pathway,,radio,"<a href=https://liascript.github.io/course/?https://raw.githubusercontent.com/arcus/education_modules/main/database_normalization/database_normalization.md target=_blank> Database Normalization </a>","0, Not Started | 1, Started | 2, Done!",,,,,,,,RV,,,,"@IF([current-instance]=1,@DEFAULT='0', @SETVALUE='[magnolia_database_normalization:value][last-instance]')."
magnolia_sql_joins,magnolia_pathway,,radio,"<a href=https://liascript.github.io/course/?https://raw.githubusercontent.com/arcus/education_modules/main/sql_joins/sql_joins.md target=_blank> SQL Joins </a>","0, Not Started | 1, Started | 2, Done!",,,,,,,,RV,,,,"@IF([current-instance]=1,@DEFAULT='0', @SETVALUE='[magnolia_sql_joins:value][last-instance]')."
magnolia_python_basics_variables_functions_methods,magnolia_pathway,Learn Python,radio,"<a href=https://liascript.github.io/course/?https://raw.githubusercontent.com/arcus/education_modules/main/python_basics_variables_functions_methods/python_basics_variables_functions_methods.md target=_blank> Python Basics: Variables, Functions, and Methods </a>","0, Not Started | 1, Started | 2, Done!",,,,,,,,RV,,,,"@IF([current-instance]=1,@DEFAULT='0', @SETVALUE='[magnolia_python_basics_variables_functions_methods:value][last-instance]')."
magnolia_python_basics_lists_dictionaries,magnolia_pathway,,radio,"<a href=https://liascript.github.io/course/?https://raw.githubusercontent.com/arcus/education_modules/main/python_basics_lists_dictionaries/python_basics_lists_dictionaries.md target=_blank> Python Basics: Lists and Dictionaries </a>","0, Not Started | 1, Started | 2, Done!",,,,,,,,RV,,,,"@IF([current-instance]=1,@DEFAULT='0', @SETVALUE='[magnolia_python_basics_lists_dictionaries:value][last-instance]')."
magnolia_python_basics_loops_conditionals,magnolia_pathway,,radio,"<a href=https://liascript.github.io/course/?https://raw.githubusercontent.com/arcus/education_modules/main/python_basics_loops_conditionals/python_basics_loops_conditionals.md target=_blank> Python Basics: Loops and Conditionals </a>","0, Not Started | 1, Started | 2, Done!",,,,,,,,RV,,,,"@IF([current-instance]=1,@DEFAULT='0', @SETVALUE='[magnolia_python_basics_loops_conditionals:value][last-instance]')."
magnolia_python_basics_exercise,magnolia_pathway,,radio,"<a href=https://liascript.github.io/course/?https://raw.githubusercontent.com/arcus/education_modules/main/python_basics_exercise/python_basics_exercise.md target=_blank> Python Basics: Exercise </a>","0, Not Started | 1, Started | 2, Done!",,,,,,,,RV,,,,"@IF([current-instance]=1,@DEFAULT='0', @SETVALUE='[magnolia_python_basics_exercise:value][last-instance]')."
magnolia_pandas_transform,magnolia_pathway,,radio,"<a href=https://liascript.github.io/course/?https://raw.githubusercontent.com/arcus/education_modules/main/pandas_transform/pandas_transform.md target=_blank> Transform Data with pandas </a>","0, Not Started | 1, Started | 2, Done!",,,,,,,,RV,,,,"@IF([current-instance]=1,@DEFAULT='0', @SETVALUE='[magnolia_pandas_transform:value][last-instance]')."
magnolia_data_visualization_in_seaborn,magnolia_pathway,,radio,"<a href=https://liascript.github.io/course/?https://raw.githubusercontent.com/arcus/education_modules/main/data_visualization_in_seaborn/data_visualization_in_seaborn.md target=_blank> Data Visualization in seaborn </a>","0, Not Started | 1, Started | 2, Done!",,,,,,,,RV,,,,"@IF([current-instance]=1,@DEFAULT='0', @SETVALUE='[magnolia_data_visualization_in_seaborn:value][last-instance]')."
magnolia_python_practice,magnolia_pathway,,radio,"<a href=https://liascript.github.io/course/?https://raw.githubusercontent.com/arcus/education_modules/main/python_practice/python_practice.md target=_blank> Python Practice </a>","0, Not Started | 1, Started | 2, Done!",,,,,,,,RV,,,,"@IF([current-instance]=1,@DEFAULT='0', @SETVALUE='[magnolia_python_practice:value][last-instance]')."
magnolia_complete,magnolia,,calc,Will show 2 if pathway is complete:,"min([magnolia_reproducibility][current-instance],[magnolia_r_basics_introduction][current-instance],[magnolia_r_basics_visualize_data][current-instance],[magnolia_r_basics_transform_data][current-instance],[magnolia_r_missing_values][current-instance],[magnolia_tidy_data][current-instance],[magnolia_r_reshape_long_wide][current-instance],[magnolia_r_summary_stats][current-instance],[magnolia_r_practice][current-instance],[magnolia_intro_to_nhst][current-instance],[magnolia_statistical_tests][current-instance],[magnolia_demystifying_machine_learning][current-instance],[magnolia_bias_variance_tradeoff][current-instance],[magnolia_demystifying_sql][current-instance],[magnolia_sql_basics][current-instance],[magnolia_sql_intermediate][current-instance],[magnolia_database_normalization][current-instance],[magnolia_sql_joins][current-instance],[magnolia_python_basics_variables_functions_methods][current-instance],[magnolia_python_basics_lists_dictionaries][current-instance],[magnolia_python_basics_loops_conditionals][current-instance],[magnolia_python_basics_exercise][current-instance],[magnolia_pandas_transform][current-instance],[magnolia_data_visualization_in_seaborn][current-instance],[magnolia_python_practice][current-instance])",,,,,,,,,,,,"@HIDDEN-SURVEY"
