Variable / Field Name,Form Name,Section Header,Field Type,Field Label,"Choices, Calculations, OR Slider Labels",Field Note,Text Validation Type OR Show Slider Number,Text Validation Min,Text Validation Max,Identifier?,Branching Logic (Show field only if...),Required Field?,Custom Alignment,Question Number (surveys only),Matrix Group Name,Matrix Ranking?,Field Annotation
geranium_reproducibility,geranium_pathway,Welcome,radio,"<a href=https://liascript.github.io/course/?https://raw.githubusercontent.com/arcus/education_modules/main/reproducibility/reproducibility.md target=_blank> Reproducibility, Generalizability, and Reuse </a>","0, Not Started | 1, Started | 2, Done!",,,,,,,,RV,,,,"@IF([current-instance]=1,@DEFAULT='0', @SETVALUE='[geranium_reproducibility:value][last-instance]')."
geranium_git_intro,geranium_pathway,Using git for Version Control,radio,"<a href=https://liascript.github.io/course/?https://raw.githubusercontent.com/arcus/education_modules/main/git_intro/git_intro.md target=_blank> Intro to Version Control </a>","0, Not Started | 1, Started | 2, Done!",,,,,,,,RV,,,,"@IF([current-instance]=1,@DEFAULT='0', @SETVALUE='[geranium_git_intro:value][last-instance]')."
geranium_git_setup_mac_and_linux,geranium_pathway,,radio,"<a href=https://liascript.github.io/course/?https://raw.githubusercontent.com/arcus/education_modules/main/git_setup_mac_and_linux/git_setup_mac_and_linux.md target=_blank> Setting Up Git on Mac and Linux </a>","0, Not Started | 1, Started | 2, Done!",,,,,,,,RV,,,,"@IF([current-instance]=1,@DEFAULT='0', @SETVALUE='[geranium_git_setup_mac_and_linux:value][last-instance]')."
geranium_git_setup_windows,geranium_pathway,,radio,"<a href=https://liascript.github.io/course/?https://raw.githubusercontent.com/arcus/education_modules/main/git_setup_windows/git_setup_windows.md target=_blank> Setting Up Git on Windows </a>","0, Not Started | 1, Started | 2, Done!",,,,,,,,RV,,,,"@IF([current-instance]=1,@DEFAULT='0', @SETVALUE='[geranium_git_setup_windows:value][last-instance]')."
geranium_bash_command_line_101,geranium_pathway,,radio,"<a href=https://liascript.github.io/course/?https://raw.githubusercontent.com/arcus/education_modules/main/bash_command_line_101/bash_command_line_101.md target=_blank> Bash / Command Line 101 </a>","0, Not Started | 1, Started | 2, Done!",,,,,,,,RV,,,,"@IF([current-instance]=1,@DEFAULT='0', @SETVALUE='[geranium_bash_command_line_101:value][last-instance]')."
geranium_git_creation_and_tracking,geranium_pathway,,radio,"<a href=https://liascript.github.io/course/?https://raw.githubusercontent.com/arcus/education_modules/main/git_creation_and_tracking/git_creation_and_tracking.md target=_blank> Creating a Git Repository </a>","0, Not Started | 1, Started | 2, Done!",,,,,,,,RV,,,,"@IF([current-instance]=1,@DEFAULT='0', @SETVALUE='[geranium_git_creation_and_tracking:value][last-instance]')."
geranium_git_history_of_project,geranium_pathway,,radio,"<a href=https://liascript.github.io/course/?https://raw.githubusercontent.com/arcus/education_modules/main/git_history_of_project/git_history_of_project.md target=_blank> Exploring the History of your Git Repository </a>","0, Not Started | 1, Started | 2, Done!",,,,,,,,RV,,,,"@IF([current-instance]=1,@DEFAULT='0', @SETVALUE='[geranium_git_history_of_project:value][last-instance]')."
geranium_r_basics_introduction,geranium_pathway,Using R for Data Analysis ,radio,"<a href=https://liascript.github.io/course/?https://raw.githubusercontent.com/arcus/education_modules/main/r_basics_introduction/r_basics_introduction.md target=_blank> R Basics: Introduction </a>","0, Not Started | 1, Started | 2, Done!",,,,,,,,RV,,,,"@IF([current-instance]=1,@DEFAULT='0', @SETVALUE='[geranium_r_basics_introduction:value][last-instance]')."
geranium_r_basics_visualize_data,geranium_pathway,,radio,"<a href=https://liascript.github.io/course/?https://raw.githubusercontent.com/arcus/education_modules/main/r_basics_visualize_data/r_basics_visualize_data.md target=_blank> R Basics: Visualizing Data With ggplot2 </a>","0, Not Started | 1, Started | 2, Done!",,,,,,,,RV,,,,"@IF([current-instance]=1,@DEFAULT='0', @SETVALUE='[geranium_r_basics_visualize_data:value][last-instance]')."
geranium_r_basics_transform_data,geranium_pathway,,radio,"<a href=https://liascript.github.io/course/?https://raw.githubusercontent.com/arcus/education_modules/main/r_basics_transform_data/r_basics_transform_data.md target=_blank> R Basics: Transforming Data With dplyr </a>","0, Not Started | 1, Started | 2, Done!",,,,,,,,RV,,,,"@IF([current-instance]=1,@DEFAULT='0', @SETVALUE='[geranium_r_basics_transform_data:value][last-instance]')."
geranium_r_missing_values,geranium_pathway,,radio,"<a href=https://liascript.github.io/course/?https://raw.githubusercontent.com/arcus/education_modules/main/r_missing_values/r_missing_values.md target=_blank> Missing Values in R </a>","0, Not Started | 1, Started | 2, Done!",,,,,,,,RV,,,,"@IF([current-instance]=1,@DEFAULT='0', @SETVALUE='[geranium_r_missing_values:value][last-instance]')."
geranium_tidy_data,geranium_pathway,,radio,"<a href=https://liascript.github.io/course/?https://raw.githubusercontent.com/arcus/education_modules/main/tidy_data/tidy_data.md target=_blank> Tidy Data </a>","0, Not Started | 1, Started | 2, Done!",,,,,,,,RV,,,,"@IF([current-instance]=1,@DEFAULT='0', @SETVALUE='[geranium_tidy_data:value][last-instance]')."
geranium_r_reshape_long_wide,geranium_pathway,,radio,"<a href=https://liascript.github.io/course/?https://raw.githubusercontent.com/arcus/education_modules/main/r_reshape_long_wide/r_reshape_long_wide.md target=_blank> Reshaping Data in R: Long and Wide Data </a>","0, Not Started | 1, Started | 2, Done!",,,,,,,,RV,,,,"@IF([current-instance]=1,@DEFAULT='0', @SETVALUE='[geranium_r_reshape_long_wide:value][last-instance]')."
geranium_r_summary_stats,geranium_pathway,,radio,"<a href=https://liascript.github.io/course/?https://raw.githubusercontent.com/arcus/education_modules/main/r_summary_stats/r_summary_stats.md target=_blank> Summary Statistics in R </a>","0, Not Started | 1, Started | 2, Done!",,,,,,,,RV,,,,"@IF([current-instance]=1,@DEFAULT='0', @SETVALUE='[geranium_r_summary_stats:value][last-instance]')."
geranium_data_visualization_in_ggplot2,geranium_pathway,,radio,"<a href=https://liascript.github.io/course/?https://raw.githubusercontent.com/arcus/education_modules/main/data_visualization_in_ggplot2/data_visualization_in_ggplot2.md target=_blank> Data Visualization in ggplot2 </a>","0, Not Started | 1, Started | 2, Done!",,,,,,,,RV,,,,"@IF([current-instance]=1,@DEFAULT='0', @SETVALUE='[geranium_data_visualization_in_ggplot2:value][last-instance]')."
geranium_r_practice,geranium_pathway,,radio,"<a href=https://liascript.github.io/course/?https://raw.githubusercontent.com/arcus/education_modules/main/r_practice/r_practice.md target=_blank> R Practice </a>","0, Not Started | 1, Started | 2, Done!",,,,,,,,RV,,,,"@IF([current-instance]=1,@DEFAULT='0', @SETVALUE='[geranium_r_practice:value][last-instance]')."
geranium_intro_to_nhst,geranium_pathway,,radio,"<a href=https://liascript.github.io/course/?https://raw.githubusercontent.com/arcus/education_modules/main/intro_to_nhst/intro_to_nhst.md target=_blank> Introduction to Null Hypothesis Significance Testing </a>","0, Not Started | 1, Started | 2, Done!",,,,,,,,RV,,,,"@IF([current-instance]=1,@DEFAULT='0', @SETVALUE='[geranium_intro_to_nhst:value][last-instance]')."
geranium_statistical_tests,geranium_pathway,,radio,"<a href=https://liascript.github.io/course/?https://raw.githubusercontent.com/arcus/education_modules/main/statistical_tests/statistical_tests.md target=_blank> Statistical Tests in Open Source Software </a>","0, Not Started | 1, Started | 2, Done!",,,,,,,,RV,,,,"@IF([current-instance]=1,@DEFAULT='0', @SETVALUE='[geranium_statistical_tests:value][last-instance]')."
geranium_demystifying_geospatial_data,geranium_pathway,Geospatial Data ,radio,"<a href=https://liascript.github.io/course/?https://raw.githubusercontent.com/arcus/education_modules/main/demystifying_geospatial_data/demystifying_geospatial_data.md target=_blank> Demystifying Geospatial Data </a>","0, Not Started | 1, Started | 2, Done!",,,,,,,,RV,,,,"@IF([current-instance]=1,@DEFAULT='0', @SETVALUE='[geranium_demystifying_geospatial_data:value][last-instance]')."
geranium_elements_of_maps,geranium_pathway,,radio,"<a href=https://liascript.github.io/course/?https://raw.githubusercontent.com/arcus/education_modules/main/elements_of_maps/elements_of_maps.md target=_blank> The Elements of Maps </a>","0, Not Started | 1, Started | 2, Done!",,,,,,,,RV,,,,"@IF([current-instance]=1,@DEFAULT='0', @SETVALUE='[geranium_elements_of_maps:value][last-instance]')."
geranium_geocode_lat_long,geranium_pathway,,radio,"<a href=https://liascript.github.io/course/?https://raw.githubusercontent.com/arcus/education_modules/main/geocode_lat_long/geocode_lat_long.md target=_blank> Encoding Geospatial Data: Latitude and Longitude </a>","0, Not Started | 1, Started | 2, Done!",,,,,,,,RV,,,,"@IF([current-instance]=1,@DEFAULT='0', @SETVALUE='[geranium_geocode_lat_long:value][last-instance]')."
geranium_complete,geranium,,calc,Will show 2 if pathway is complete:,"min([geranium_reproducibility][current-instance],[geranium_git_intro][current-instance],[geranium_git_setup_mac_and_linux][current-instance],[geranium_git_setup_windows][current-instance],[geranium_bash_command_line_101][current-instance],[geranium_git_creation_and_tracking][current-instance],[geranium_git_history_of_project][current-instance],[geranium_r_basics_introduction][current-instance],[geranium_r_basics_visualize_data][current-instance],[geranium_r_basics_transform_data][current-instance],[geranium_r_missing_values][current-instance],[geranium_tidy_data][current-instance],[geranium_r_reshape_long_wide][current-instance],[geranium_r_summary_stats][current-instance],[geranium_data_visualization_in_ggplot2][current-instance],[geranium_r_practice][current-instance],[geranium_intro_to_nhst][current-instance],[geranium_statistical_tests][current-instance],[geranium_demystifying_geospatial_data][current-instance],[geranium_elements_of_maps][current-instance],[geranium_geocode_lat_long][current-instance])",,,,,,,,,,,,"@HIDDEN-SURVEY"
