Variable / Field Name,Form Name,Section Header,Field Type,Field Label,"Choices, Calculations, OR Slider Labels",Field Note,Text Validation Type OR Show Slider Number,Text Validation Min,Text Validation Max,Identifier?,Branching Logic (Show field only if...),Required Field?,Custom Alignment,Question Number (surveys only),Matrix Group Name,Matrix Ranking?,Field Annotation
lotus_reproducibility,lotus_pathway,Welcome,radio,"<a href=https://liascript.github.io/course/?https://raw.githubusercontent.com/arcus/education_modules/main/reproducibility/reproducibility.md target=_blank> Reproducibility, Generalizability, and Reuse </a>","0, Not Started | 1, Started | 2, Done!",,,,,,,,RV,,,,"@IF([current-instance]=1,@DEFAULT='0', @SETVALUE='[lotus_reproducibility:value][last-instance]')."
lotus_python_basics_variables_functions_methods,lotus_pathway,Python for Data Science,radio,"<a href=https://liascript.github.io/course/?https://raw.githubusercontent.com/arcus/education_modules/main/python_basics_variables_functions_methods/python_basics_variables_functions_methods.md target=_blank> Python Basics: Variables, Functions, and Methods </a>","0, Not Started | 1, Started | 2, Done!",,,,,,,,RV,,,,"@IF([current-instance]=1,@DEFAULT='0', @SETVALUE='[lotus_python_basics_variables_functions_methods:value][last-instance]')."
lotus_python_basics_lists_dictionaries,lotus_pathway,,radio,"<a href=https://liascript.github.io/course/?https://raw.githubusercontent.com/arcus/education_modules/main/python_basics_lists_dictionaries/python_basics_lists_dictionaries.md target=_blank> Python Basics: Lists and Dictionaries </a>","0, Not Started | 1, Started | 2, Done!",,,,,,,,RV,,,,"@IF([current-instance]=1,@DEFAULT='0', @SETVALUE='[lotus_python_basics_lists_dictionaries:value][last-instance]')."
lotus_python_basics_loops_conditionals,lotus_pathway,,radio,"<a href=https://liascript.github.io/course/?https://raw.githubusercontent.com/arcus/education_modules/main/python_basics_loops_conditionals/python_basics_loops_conditionals.md target=_blank> Python Basics: Loops and Conditionals </a>","0, Not Started | 1, Started | 2, Done!",,,,,,,,RV,,,,"@IF([current-instance]=1,@DEFAULT='0', @SETVALUE='[lotus_python_basics_loops_conditionals:value][last-instance]')."
lotus_python_basics_exercise,lotus_pathway,,radio,"<a href=https://liascript.github.io/course/?https://raw.githubusercontent.com/arcus/education_modules/main/python_basics_exercise/python_basics_exercise.md target=_blank> Python Basics: Exercise </a>","0, Not Started | 1, Started | 2, Done!",,,,,,,,RV,,,,"@IF([current-instance]=1,@DEFAULT='0', @SETVALUE='[lotus_python_basics_exercise:value][last-instance]')."
lotus_pandas_transform,lotus_pathway,,radio,"<a href=https://liascript.github.io/course/?https://raw.githubusercontent.com/arcus/education_modules/main/pandas_transform/pandas_transform.md target=_blank> Transform Data with pandas </a>","0, Not Started | 1, Started | 2, Done!",,,,,,,,RV,,,,"@IF([current-instance]=1,@DEFAULT='0', @SETVALUE='[lotus_pandas_transform:value][last-instance]')."
lotus_data_visualization_in_seaborn,lotus_pathway,,radio,"<a href=https://liascript.github.io/course/?https://raw.githubusercontent.com/arcus/education_modules/main/data_visualization_in_seaborn/data_visualization_in_seaborn.md target=_blank> Data Visualization in seaborn </a>","0, Not Started | 1, Started | 2, Done!",,,,,,,,RV,,,,"@IF([current-instance]=1,@DEFAULT='0', @SETVALUE='[lotus_data_visualization_in_seaborn:value][last-instance]')."
lotus_python_practice,lotus_pathway,,radio,"<a href=https://liascript.github.io/course/?https://raw.githubusercontent.com/arcus/education_modules/main/python_practice/python_practice.md target=_blank> Python Practice </a>","0, Not Started | 1, Started | 2, Done!",,,,,,,,RV,,,,"@IF([current-instance]=1,@DEFAULT='0', @SETVALUE='[lotus_python_practice:value][last-instance]')."
lotus_intro_to_nhst,lotus_pathway,Statistics and Machine Learning,radio,"<a href=https://liascript.github.io/course/?https://raw.githubusercontent.com/arcus/education_modules/main/intro_to_nhst/intro_to_nhst.md target=_blank> Introduction to Null Hypothesis Significance Testing </a>","0, Not Started | 1, Started | 2, Done!",,,,,,,,RV,,,,"@IF([current-instance]=1,@DEFAULT='0', @SETVALUE='[lotus_intro_to_nhst:value][last-instance]')."
lotus_statistical_tests,lotus_pathway,,radio,"<a href=https://liascript.github.io/course/?https://raw.githubusercontent.com/arcus/education_modules/main/statistical_tests/statistical_tests.md target=_blank> Statistical Tests in Open Source Software </a>","0, Not Started | 1, Started | 2, Done!",,,,,,,,RV,,,,"@IF([current-instance]=1,@DEFAULT='0', @SETVALUE='[lotus_statistical_tests:value][last-instance]')."
lotus_demystifying_machine_learning,lotus_pathway,,radio,"<a href=https://liascript.github.io/course/?https://raw.githubusercontent.com/arcus/education_modules/main/demystifying_machine_learning/demystifying_machine_learning.md target=_blank> Demystifying Machine Learning </a>","0, Not Started | 1, Started | 2, Done!",,,,,,,,RV,,,,"@IF([current-instance]=1,@DEFAULT='0', @SETVALUE='[lotus_demystifying_machine_learning:value][last-instance]')."
lotus_bias_variance_tradeoff,lotus_pathway,,radio,"<a href=https://liascript.github.io/course/?https://raw.githubusercontent.com/arcus/education_modules/main/bias_variance_tradeoff/bias_variance_tradeoff.md target=_blank> Understanding the Bias-Variance Tradeoff </a>","0, Not Started | 1, Started | 2, Done!",,,,,,,,RV,,,,"@IF([current-instance]=1,@DEFAULT='0', @SETVALUE='[lotus_bias_variance_tradeoff:value][last-instance]')."
lotus_git_intro,lotus_pathway,Learn git,radio,"<a href=https://liascript.github.io/course/?https://raw.githubusercontent.com/arcus/education_modules/main/git_intro/git_intro.md target=_blank> Intro to Version Control </a>","0, Not Started | 1, Started | 2, Done!",,,,,,,,RV,,,,"@IF([current-instance]=1,@DEFAULT='0', @SETVALUE='[lotus_git_intro:value][last-instance]')."
lotus_git_setup_mac_and_linux,lotus_pathway,,radio,"<a href=https://liascript.github.io/course/?https://raw.githubusercontent.com/arcus/education_modules/main/git_setup_mac_and_linux/git_setup_mac_and_linux.md target=_blank> Setting Up Git on Mac and Linux </a>","0, Not Started | 1, Started | 2, Done!",,,,,,,,RV,,,,"@IF([current-instance]=1,@DEFAULT='0', @SETVALUE='[lotus_git_setup_mac_and_linux:value][last-instance]')."
lotus_git_setup_windows,lotus_pathway,,radio,"<a href=https://liascript.github.io/course/?https://raw.githubusercontent.com/arcus/education_modules/main/git_setup_windows/git_setup_windows.md target=_blank> Setting Up Git on Windows </a>","0, Not Started | 1, Started | 2, Done!",,,,,,,,RV,,,,"@IF([current-instance]=1,@DEFAULT='0', @SETVALUE='[lotus_git_setup_windows:value][last-instance]')."
lotus_bash_command_line_101,lotus_pathway,,radio,"<a href=https://liascript.github.io/course/?https://raw.githubusercontent.com/arcus/education_modules/main/bash_command_line_101/bash_command_line_101.md target=_blank> Bash / Command Line 101 </a>","0, Not Started | 1, Started | 2, Done!",,,,,,,,RV,,,,"@IF([current-instance]=1,@DEFAULT='0', @SETVALUE='[lotus_bash_command_line_101:value][last-instance]')."
lotus_git_creation_and_tracking,lotus_pathway,,radio,"<a href=https://liascript.github.io/course/?https://raw.githubusercontent.com/arcus/education_modules/main/git_creation_and_tracking/git_creation_and_tracking.md target=_blank> Creating a Git Repository </a>","0, Not Started | 1, Started | 2, Done!",,,,,,,,RV,,,,"@IF([current-instance]=1,@DEFAULT='0', @SETVALUE='[lotus_git_creation_and_tracking:value][last-instance]')."
lotus_git_history_of_project,lotus_pathway,,radio,"<a href=https://liascript.github.io/course/?https://raw.githubusercontent.com/arcus/education_modules/main/git_history_of_project/git_history_of_project.md target=_blank> Exploring the History of your Git Repository </a>","0, Not Started | 1, Started | 2, Done!",,,,,,,,RV,,,,"@IF([current-instance]=1,@DEFAULT='0', @SETVALUE='[lotus_git_history_of_project:value][last-instance]')."
lotus_bash_command_line_102,lotus_pathway,Shell Scripts,radio,"<a href=https://liascript.github.io/course/?https://raw.githubusercontent.com/arcus/education_modules/main/bash_command_line_102/bash_command_line_102.md target=_blank> Bash: Searching and Organizing Files </a>","0, Not Started | 1, Started | 2, Done!",,,,,,,,RV,,,,"@IF([current-instance]=1,@DEFAULT='0', @SETVALUE='[lotus_bash_command_line_102:value][last-instance]')."
lotus_bash_103_combining_commands,lotus_pathway,,radio,"<a href=https://liascript.github.io/course/?https://raw.githubusercontent.com/arcus/education_modules/main/bash_103_combining_commands/bash_103_combining_commands.md target=_blank> Bash: Combining Commands </a>","0, Not Started | 1, Started | 2, Done!",,,,,,,,RV,,,,"@IF([current-instance]=1,@DEFAULT='0', @SETVALUE='[lotus_bash_103_combining_commands:value][last-instance]')."
lotus_bash_conditionals_loops,lotus_pathway,,radio,"<a href=https://liascript.github.io/course/?https://raw.githubusercontent.com/arcus/education_modules/main/bash_conditionals_loops/bash_conditionals_loops.md target=_blank> Bash: Conditionals and Loops </a>","0, Not Started | 1, Started | 2, Done!",,,,,,,,RV,,,,"@IF([current-instance]=1,@DEFAULT='0', @SETVALUE='[lotus_bash_conditionals_loops:value][last-instance]')."
lotus_bash_scripts,lotus_pathway,,radio,"<a href=https://liascript.github.io/course/?https://raw.githubusercontent.com/arcus/education_modules/main/bash_scripts/bash_scripts.md target=_blank> Bash: Reusable Scripts </a>","0, Not Started | 1, Started | 2, Done!",,,,,,,,RV,,,,"@IF([current-instance]=1,@DEFAULT='0', @SETVALUE='[lotus_bash_scripts:value][last-instance]')."
lotus_citizen_science,lotus_pathway,More to Explore ,radio,"<a href=https://liascript.github.io/course/?https://raw.githubusercontent.com/arcus/education_modules/main/citizen_science/citizen_science.md target=_blank> Citizen Science </a>","0, Not Started | 1, Started | 2, Done!",,,,,,,,RV,,,,"@IF([current-instance]=1,@DEFAULT='0', @SETVALUE='[lotus_citizen_science:value][last-instance]')."
lotus_demystifying_large_language_models,lotus_pathway,,radio,"<a href=https://liascript.github.io/course/?https://raw.githubusercontent.com/arcus/education_modules/main/demystifying_large_language_models/demystifying_large_language_models.md target=_blank> Demystifying Large Language Models </a>","0, Not Started | 1, Started | 2, Done!",,,,,,,,RV,,,,"@IF([current-instance]=1,@DEFAULT='0', @SETVALUE='[lotus_demystifying_large_language_models:value][last-instance]')."
lotus_complete,lotus,,calc,Will show 2 if pathway is complete:,"min([lotus_reproducibility][current-instance],[lotus_python_basics_variables_functions_methods][current-instance],[lotus_python_basics_lists_dictionaries][current-instance],[lotus_python_basics_loops_conditionals][current-instance],[lotus_python_basics_exercise][current-instance],[lotus_pandas_transform][current-instance],[lotus_data_visualization_in_seaborn][current-instance],[lotus_python_practice][current-instance],[lotus_intro_to_nhst][current-instance],[lotus_statistical_tests][current-instance],[lotus_demystifying_machine_learning][current-instance],[lotus_bias_variance_tradeoff][current-instance],[lotus_git_intro][current-instance],[lotus_git_setup_mac_and_linux][current-instance],[lotus_git_setup_windows][current-instance],[lotus_bash_command_line_101][current-instance],[lotus_git_creation_and_tracking][current-instance],[lotus_git_history_of_project][current-instance],[lotus_bash_command_line_102][current-instance],[lotus_bash_103_combining_commands][current-instance],[lotus_bash_conditionals_loops][current-instance],[lotus_bash_scripts][current-instance],[lotus_citizen_science][current-instance],[lotus_demystifying_large_language_models][current-instance])",,,,,,,,,,,,"@HIDDEN-SURVEY"
